step,loss,lr,grad_norm
1,0.108032,1.980e-08,2.103489
2,0.098923,2.970e-08,2.175574
3,0.095200,3.960e-08,1.876534
4,0.102722,4.950e-08,1.865669
5,0.106964,5.941e-08,1.950299
6,0.105316,6.931e-08,2.356059
7,0.092056,7.921e-08,2.023750
8,0.107941,8.911e-08,2.038080
9,0.104828,9.901e-08,2.072139
10,0.099136,1.089e-07,1.820014
11,0.116119,1.188e-07,2.384502
12,0.097672,1.287e-07,1.984548
13,0.108765,1.386e-07,2.061780
14,0.112640,1.485e-07,2.235526
15,0.118622,1.584e-07,2.205906
16,0.097504,1.683e-07,1.644848
17,0.107117,1.782e-07,2.130556
18,0.100494,1.881e-07,1.828524
19,0.102234,1.980e-07,1.890117
20,0.097504,2.079e-07,2.015622
21,0.112793,2.178e-07,2.065816
22,0.097519,2.277e-07,1.707345
23,0.095657,2.376e-07,1.824784
24,0.112457,2.475e-07,2.072226
25,0.099762,2.574e-07,1.915024
26,0.102051,2.673e-07,1.920998
27,0.104660,2.772e-07,2.078691
28,0.107620,2.871e-07,2.090161
29,0.107697,2.970e-07,2.067020
30,0.089554,3.069e-07,1.780648
31,0.098907,3.168e-07,1.822160
32,0.095139,3.267e-07,1.779687
33,0.094040,3.366e-07,1.790093
34,0.093445,3.465e-07,1.603868
35,0.093384,3.564e-07,1.969196
36,0.103546,3.663e-07,2.097777
37,0.090897,3.762e-07,1.998743
38,0.106155,3.861e-07,2.082901
39,0.106598,3.960e-07,1.731553
40,0.093002,4.059e-07,1.557169
41,0.088806,4.158e-07,1.733908
42,0.084412,4.257e-07,1.441284
43,0.085800,4.356e-07,1.475334
44,0.093994,4.455e-07,1.642389
45,0.082840,4.554e-07,1.613484
46,0.090302,4.653e-07,1.557127
47,0.078751,4.752e-07,1.386480
48,0.085678,4.851e-07,1.419395
49,0.086243,4.950e-07,1.447820
50,0.069580,5.050e-07,1.192086
51,0.080597,5.149e-07,1.468850
52,0.084976,5.248e-07,1.503297
53,0.090164,5.347e-07,1.679785
54,0.072998,5.446e-07,1.145928
55,0.065933,5.545e-07,1.137795
56,0.078445,5.644e-07,1.333644
57,0.054504,5.743e-07,0.767618
58,0.057541,5.842e-07,0.701489
59,0.064819,5.941e-07,0.604740
60,0.062195,6.040e-07,0.665702
61,0.051575,6.139e-07,0.604465
62,0.058624,6.238e-07,0.527986
63,0.050407,6.337e-07,0.606316
64,0.059845,6.436e-07,0.649633
65,0.048569,6.535e-07,0.498234
66,0.056808,6.634e-07,0.624351
67,0.053406,6.733e-07,0.568183
68,0.057968,6.832e-07,0.638643
69,0.059776,6.931e-07,0.561462
70,0.047264,7.030e-07,0.498707
71,0.049965,7.129e-07,0.567843
72,0.057205,7.228e-07,0.588021
73,0.048340,7.327e-07,0.510062
74,0.058670,7.426e-07,0.586806
75,0.053802,7.525e-07,0.512492
76,0.044594,7.624e-07,0.411038
77,0.051285,7.723e-07,0.477248
78,0.043457,7.822e-07,0.434267
79,0.050842,7.921e-07,0.463537
80,0.045433,8.020e-07,0.431780
81,0.037949,8.119e-07,0.350462
82,0.045921,8.218e-07,0.360926
83,0.036003,8.317e-07,0.327371
84,0.036888,8.416e-07,0.370872
85,0.040710,8.515e-07,0.323674
86,0.033062,8.614e-07,0.330267
87,0.035225,8.713e-07,0.304370
88,0.030838,8.812e-07,0.302162
89,0.032722,8.911e-07,0.379334
90,0.032646,9.010e-07,0.300241
91,0.033852,9.109e-07,0.352787
92,0.035984,9.208e-07,0.296822
93,0.038902,9.307e-07,0.279760
94,0.034401,9.406e-07,0.282649
95,0.028385,9.505e-07,0.316162
96,0.032539,9.604e-07,0.311087
97,0.028549,9.703e-07,0.233829
98,0.030701,9.802e-07,0.273836
99,0.034210,9.901e-07,0.245506
100,0.031685,1.000e-06,0.317446
101,0.030628,1.000e-06,0.308690
102,0.032467,1.000e-06,0.251551
103,0.023050,1.000e-06,0.201016
104,0.029030,1.000e-06,0.271762
105,0.024368,1.000e-06,0.227876
106,0.024748,1.000e-06,0.194652
107,0.029007,1.000e-06,0.201440
108,0.036674,1.000e-06,0.218889
109,0.028198,1.000e-06,0.210282
110,0.027531,1.000e-06,0.211598
111,0.022594,1.000e-06,0.185646
112,0.032494,1.000e-06,0.240197
113,0.028080,1.000e-06,0.221462
114,0.026985,1.000e-06,0.215852
115,0.023827,1.000e-06,0.202212
116,0.026499,1.000e-06,0.177035
117,0.028351,1.000e-06,0.201683
118,0.025341,1.000e-06,0.237782
119,0.025215,1.000e-06,0.182630
120,0.020401,1.000e-06,0.186209
121,0.026871,1.000e-06,0.341428
122,0.024570,1.000e-06,0.221562
123,0.017998,1.000e-06,0.155315
124,0.031857,1.000e-06,0.205500
125,0.031353,1.000e-06,0.247234
126,0.025448,1.000e-06,0.185696
127,0.020470,1.000e-06,0.244585
128,0.019772,1.000e-06,0.187487
129,0.026085,1.000e-06,0.185440
130,0.018251,1.000e-06,0.185831
131,0.019903,1.000e-06,0.271965
132,0.016796,1.000e-06,0.204086
133,0.017563,1.000e-06,0.169460
134,0.019354,1.000e-06,0.143844
135,0.021835,1.000e-06,0.185041
136,0.021709,1.000e-06,0.188561
137,0.022694,1.000e-06,0.193297
138,0.017246,1.000e-06,0.212985
139,0.015053,1.000e-06,0.170035
140,0.018272,1.000e-06,0.211176
141,0.015543,1.000e-06,0.155246
142,0.018513,1.000e-06,0.173364
143,0.017931,1.000e-06,0.171153
144,0.013218,1.000e-06,0.120453
145,0.016994,1.000e-06,0.144366
146,0.014429,1.000e-06,0.205449
147,0.020412,1.000e-06,0.175914
148,0.016336,1.000e-06,0.146587
149,0.016199,1.000e-06,0.141706
150,0.012480,1.000e-06,0.160287
151,0.018919,1.000e-06,0.143048
152,0.016024,1.000e-06,0.155733
153,0.013716,1.000e-06,0.171062
154,0.013071,1.000e-06,0.125636
155,0.016714,1.000e-06,0.185206
156,0.018631,1.000e-06,0.130004
157,0.010473,1.000e-06,0.126023
158,0.014362,1.000e-06,0.153418
159,0.011823,1.000e-06,0.127524
160,0.020477,1.000e-06,0.127661
161,0.016706,1.000e-06,0.196925
162,0.015446,1.000e-06,0.143258
163,0.015267,1.000e-06,0.165416
164,0.012583,1.000e-06,0.134982
165,0.013698,1.000e-06,0.132673
166,0.016074,1.000e-06,0.157132
167,0.013380,1.000e-06,0.135745
168,0.016035,1.000e-06,0.123363
169,0.010868,1.000e-06,0.208132
170,0.021124,1.000e-06,0.172538
171,0.011839,1.000e-06,0.114070
172,0.018684,1.000e-06,0.153229
173,0.012785,1.000e-06,0.120801
174,0.010561,1.000e-06,0.143919
175,0.014244,1.000e-06,0.144685
176,0.009034,1.000e-06,0.135589
177,0.012399,1.000e-06,0.124416
178,0.010627,1.000e-06,0.120731
179,0.015028,1.000e-06,0.150977
180,0.011836,1.000e-06,0.156689
181,0.013987,1.000e-06,0.137773
182,0.009257,1.000e-06,0.147273
183,0.009973,1.000e-06,0.112150
184,0.011068,1.000e-06,0.134649
185,0.010379,1.000e-06,0.111945
186,0.007105,1.000e-06,0.083646
187,0.010427,1.000e-06,0.122387
188,0.011612,1.000e-06,0.127314
189,0.013754,1.000e-06,0.154958
190,0.014451,1.000e-06,0.143000
191,0.013772,1.000e-06,0.145627
192,0.009473,1.000e-06,0.143811
193,0.009290,1.000e-06,0.101474
194,0.010973,1.000e-06,0.131981
195,0.012122,1.000e-06,0.138951
196,0.012213,1.000e-06,0.143700
197,0.010714,1.000e-06,0.154709
198,0.011353,1.000e-06,0.151028
199,0.008720,1.000e-06,0.107759
200,0.008482,1.000e-06,0.130124
201,0.009357,1.000e-06,0.102058
202,0.013344,1.000e-06,0.150442
203,0.011078,1.000e-06,0.124120
204,0.008748,1.000e-06,0.101145
205,0.009382,1.000e-06,0.125053
206,0.008292,1.000e-06,0.126182
207,0.009130,1.000e-06,0.105749
208,0.007103,1.000e-06,0.123787
209,0.011855,1.000e-06,0.148279
210,0.010552,1.000e-06,0.142609
211,0.012894,1.000e-06,0.139008
212,0.008786,1.000e-06,0.152415
213,0.008513,1.000e-06,0.100086
214,0.015081,1.000e-06,0.171002
215,0.008544,1.000e-06,0.125767
216,0.008406,1.000e-06,0.141877
217,0.011516,1.000e-06,0.150155
218,0.007596,1.000e-06,0.106538
219,0.011146,1.000e-06,0.129077
220,0.007367,1.000e-06,0.136516
221,0.009098,1.000e-06,0.145331
222,0.011790,1.000e-06,0.115718
223,0.010829,1.000e-06,0.151915
224,0.010736,1.000e-06,0.128021
225,0.008932,1.000e-06,0.129109
226,0.006944,1.000e-06,0.148403
227,0.008610,1.000e-06,0.118465
228,0.012722,1.000e-06,0.134731
229,0.011871,1.000e-06,0.136881
230,0.008926,1.000e-06,0.123444
231,0.010201,1.000e-06,0.170307
232,0.007693,1.000e-06,0.121939
233,0.012211,1.000e-06,0.169555
234,0.006920,1.000e-06,0.149068
235,0.006166,1.000e-06,0.102211
236,0.008959,1.000e-06,0.113552
237,0.008615,1.000e-06,0.117172
238,0.009863,1.000e-06,0.115104
239,0.006342,1.000e-06,0.095410
240,0.005902,1.000e-06,0.112511
241,0.008997,1.000e-06,0.143312
242,0.010579,1.000e-06,0.125732
243,0.006440,1.000e-06,0.093027
244,0.012459,1.000e-06,0.142877
245,0.008485,1.000e-06,0.150202
246,0.009232,1.000e-06,0.161461
247,0.007041,1.000e-06,0.095380
248,0.010155,1.000e-06,0.144733
249,0.008639,1.000e-06,0.139674
250,0.006136,1.000e-06,0.101478
251,0.009157,1.000e-06,0.132443
252,0.008657,1.000e-06,0.136981
253,0.007869,1.000e-06,0.127180
254,0.009115,1.000e-06,0.116831
255,0.008736,1.000e-06,0.137038
256,0.007217,1.000e-06,0.111531
257,0.007572,1.000e-06,0.181540
258,0.007751,1.000e-06,0.163582
259,0.007750,1.000e-06,0.119642
260,0.005824,1.000e-06,0.104416
261,0.004539,1.000e-06,0.078911
262,0.007782,1.000e-06,0.151521
263,0.008074,1.000e-06,0.135300
264,0.008794,1.000e-06,0.128251
265,0.005795,1.000e-06,0.081136
266,0.010793,1.000e-06,0.131434
267,0.010900,1.000e-06,0.156702
268,0.005635,1.000e-06,0.145338
269,0.005875,1.000e-06,0.119854
270,0.005558,1.000e-06,0.084610
271,0.005842,1.000e-06,0.096469
272,0.006244,1.000e-06,0.127191
273,0.005972,1.000e-06,0.117867
274,0.005599,1.000e-06,0.102429
275,0.007944,1.000e-06,0.118170
276,0.008302,1.000e-06,0.135505
277,0.008713,1.000e-06,0.130150
278,0.007932,1.000e-06,0.121179
279,0.007168,1.000e-06,0.155204
280,0.006166,1.000e-06,0.153437
281,0.006113,1.000e-06,0.091506
282,0.005438,1.000e-06,0.133235
283,0.007995,1.000e-06,0.242617
284,0.007826,1.000e-06,0.135950
285,0.007406,1.000e-06,0.151440
286,0.005651,1.000e-06,0.115155
287,0.008708,1.000e-06,0.162445
288,0.007626,1.000e-06,0.112350
289,0.006219,1.000e-06,0.084308
290,0.005988,1.000e-06,0.103181
291,0.006282,1.000e-06,0.115244
292,0.008075,1.000e-06,0.144852
293,0.006734,1.000e-06,0.130139
294,0.009245,1.000e-06,0.132967
295,0.007067,1.000e-06,0.122868
296,0.007129,1.000e-06,0.131268
297,0.011353,1.000e-06,0.154009
298,0.006719,1.000e-06,0.119526
299,0.005319,1.000e-06,0.093272
300,0.008468,1.000e-06,0.128918
301,0.006416,1.000e-06,0.109156
302,0.006645,1.000e-06,0.103497
303,0.006593,1.000e-06,0.125317
304,0.006345,1.000e-06,0.143947
305,0.007758,1.000e-06,0.126227
306,0.006607,1.000e-06,0.089164
307,0.005798,1.000e-06,0.116035
308,0.006128,1.000e-06,0.110646
309,0.006209,1.000e-06,0.096320
310,0.007648,1.000e-06,0.134256
311,0.005552,1.000e-06,0.123244
312,0.005474,1.000e-06,0.118942
313,0.009469,1.000e-06,0.134283
314,0.007872,1.000e-06,0.197199
315,0.004821,1.000e-06,0.095343
316,0.004212,1.000e-06,0.085715
317,0.007450,1.000e-06,0.126016
318,0.008020,1.000e-06,0.113726
319,0.004640,1.000e-06,0.114761
320,0.007045,1.000e-06,0.128794
321,0.003974,1.000e-06,0.075129
322,0.007956,1.000e-06,0.128939
323,0.005267,1.000e-06,0.109050
324,0.005298,1.000e-06,0.132652
325,0.005702,1.000e-06,0.138151
326,0.006329,1.000e-06,0.114786
327,0.006320,1.000e-06,0.121222
328,0.004617,1.000e-06,0.094683
329,0.005202,1.000e-06,0.115276
330,0.007818,1.000e-06,0.148368
331,0.007778,1.000e-06,0.114554
332,0.004864,1.000e-06,0.091097
333,0.005139,1.000e-06,0.116134
334,0.007239,1.000e-06,0.177362
335,0.003641,1.000e-06,0.077723
336,0.004244,1.000e-06,0.123780
337,0.011824,1.000e-06,0.172644
338,0.004084,1.000e-06,0.116766
339,0.002983,1.000e-06,0.085034
340,0.004948,1.000e-06,0.117256
341,0.008051,1.000e-06,0.145029
342,0.005373,1.000e-06,0.152179
343,0.006292,1.000e-06,0.125130
344,0.005082,1.000e-06,0.095553
345,0.007822,1.000e-06,0.156189
346,0.005251,1.000e-06,0.135731
347,0.003515,1.000e-06,0.117063
348,0.004353,1.000e-06,0.080886
349,0.005679,1.000e-06,0.112908
350,0.005083,1.000e-06,0.137219
351,0.006450,1.000e-06,0.115318
352,0.006297,1.000e-06,0.137544
353,0.005261,1.000e-06,0.119098
354,0.003637,1.000e-06,0.099393
355,0.004353,1.000e-06,0.112482
356,0.006092,1.000e-06,0.142104
357,0.005082,1.000e-06,0.139885
358,0.003563,1.000e-06,0.099052
359,0.006375,1.000e-06,0.099694
360,0.005772,1.000e-06,0.099772
361,0.006103,1.000e-06,0.122565
362,0.005740,1.000e-06,0.126304
363,0.005896,1.000e-06,0.098709
364,0.009126,1.000e-06,0.133303
365,0.004590,1.000e-06,0.089202
366,0.004360,1.000e-06,0.101705
367,0.002957,1.000e-06,0.081526
368,0.011133,1.000e-06,0.142229
369,0.007424,1.000e-06,0.148169
370,0.004570,1.000e-06,0.081186
371,0.006490,1.000e-06,0.148887
372,0.009756,1.000e-06,0.163453
373,0.006455,1.000e-06,0.130070
374,0.004555,1.000e-06,0.126549
375,0.004833,1.000e-06,0.099956
376,0.002887,1.000e-06,0.074087
377,0.003301,1.000e-06,0.100584
378,0.007395,1.000e-06,0.135708
379,0.002662,1.000e-06,0.098252
380,0.003850,1.000e-06,0.087710
381,0.005167,1.000e-06,0.096021
382,0.004063,1.000e-06,0.091835
383,0.004903,1.000e-06,0.134026
384,0.004309,1.000e-06,0.138192
385,0.007191,1.000e-06,0.127143
386,0.005931,1.000e-06,0.130584
387,0.011415,1.000e-06,0.140093
388,0.006031,1.000e-06,0.140509
389,0.003517,1.000e-06,0.098041
390,0.005328,1.000e-06,0.114115
391,0.006516,1.000e-06,0.212914
392,0.007965,1.000e-06,0.156607
393,0.005850,1.000e-06,0.157685
394,0.007280,1.000e-06,0.155363
395,0.005050,1.000e-06,0.104038
396,0.007162,1.000e-06,0.157456
397,0.005853,1.000e-06,0.154762
398,0.005354,1.000e-06,0.129893
399,0.004761,1.000e-06,0.131381
400,0.006596,1.000e-06,0.155145
401,0.006751,1.000e-06,0.146657
402,0.003803,1.000e-06,0.169300
403,0.004451,1.000e-06,0.132288
404,0.004807,1.000e-06,0.096959
405,0.007475,1.000e-06,0.197643
406,0.004217,1.000e-06,0.100873
407,0.004649,1.000e-06,0.143620
408,0.004242,1.000e-06,0.110104
409,0.005200,1.000e-06,0.131442
410,0.005092,1.000e-06,0.123338
411,0.005779,1.000e-06,0.233593
412,0.005108,1.000e-06,0.146731
413,0.004362,1.000e-06,0.101599
414,0.004523,1.000e-06,0.137616
415,0.005939,1.000e-06,0.173728
416,0.007932,1.000e-06,0.143933
417,0.005778,1.000e-06,0.172507
418,0.005647,1.000e-06,0.112346
419,0.006181,1.000e-06,0.137180
420,0.004563,1.000e-06,0.132551
421,0.006292,1.000e-06,0.125510
422,0.005349,1.000e-06,0.121910
423,0.005949,1.000e-06,0.136777
424,0.004905,1.000e-06,0.127466
425,0.003893,1.000e-06,0.103874
426,0.006942,1.000e-06,0.121882
427,0.003520,1.000e-06,0.092353
428,0.004274,1.000e-06,0.089816
429,0.003609,1.000e-06,0.112426
430,0.003587,1.000e-06,0.098329
431,0.002866,1.000e-06,0.081054
432,0.003579,1.000e-06,0.084061
433,0.006926,1.000e-06,0.168813
434,0.006020,1.000e-06,0.102416
435,0.005590,1.000e-06,0.101050
436,0.005322,1.000e-06,0.104016
437,0.006351,1.000e-06,0.129900
438,0.004480,1.000e-06,0.108668
439,0.003542,1.000e-06,0.075287
440,0.007157,1.000e-06,0.117331
441,0.003492,1.000e-06,0.088703
442,0.007419,1.000e-06,0.148632
443,0.006805,1.000e-06,0.133240
444,0.003986,1.000e-06,0.143905
445,0.002926,1.000e-06,0.066100
446,0.003208,1.000e-06,0.093207
447,0.004649,1.000e-06,0.128799
448,0.003748,1.000e-06,0.110785
449,0.003988,1.000e-06,0.143664
450,0.003324,1.000e-06,0.086391
451,0.005942,1.000e-06,0.103126
452,0.002509,1.000e-06,0.085217
453,0.006368,1.000e-06,0.145507
454,0.005642,1.000e-06,0.124275
455,0.002820,1.000e-06,0.078141
456,0.006886,1.000e-06,0.160330
457,0.005068,1.000e-06,0.131885
458,0.004370,1.000e-06,0.140998
459,0.007072,1.000e-06,0.137374
460,0.004280,1.000e-06,0.102394
461,0.003928,1.000e-06,0.092262
462,0.003783,1.000e-06,0.110206
463,0.003241,1.000e-06,0.094074
464,0.003334,1.000e-06,0.110362
465,0.004210,1.000e-06,0.115784
466,0.005749,1.000e-06,0.135894
467,0.002852,1.000e-06,0.084680
468,0.006433,1.000e-06,0.128281
469,0.008324,1.000e-06,0.171387
470,0.003892,1.000e-06,0.100429
471,0.003261,1.000e-06,0.126171
472,0.004852,1.000e-06,0.127584
473,0.004407,1.000e-06,0.124096
474,0.003393,1.000e-06,0.090529
475,0.003772,1.000e-06,0.092334
476,0.002590,1.000e-06,0.074951
477,0.004910,1.000e-06,0.114171
478,0.003325,1.000e-06,0.107342
479,0.004913,1.000e-06,0.122964
480,0.003982,1.000e-06,0.088330
481,0.003035,1.000e-06,0.078812
482,0.004598,1.000e-06,0.117096
483,0.004543,1.000e-06,0.139479
484,0.003515,1.000e-06,0.137977
485,0.003129,1.000e-06,0.091255
486,0.004293,1.000e-06,0.128225
487,0.005003,1.000e-06,0.117567
488,0.002969,1.000e-06,0.076630
489,0.005276,1.000e-06,0.135145
490,0.004776,1.000e-06,0.126407
491,0.002958,1.000e-06,0.091657
492,0.006460,1.000e-06,0.150659
493,0.003523,1.000e-06,0.150999
494,0.003932,1.000e-06,0.100573
495,0.004687,1.000e-06,0.085670
496,0.005225,1.000e-06,0.110048
497,0.004013,1.000e-06,0.136028
498,0.005332,1.000e-06,0.101770
499,0.002567,1.000e-06,0.083775
500,0.004725,1.000e-06,0.106872
501,0.003104,1.000e-06,0.077922
502,0.003032,1.000e-06,0.085920
503,0.002893,1.000e-06,0.070229
504,0.003816,1.000e-06,0.092732
505,0.002904,1.000e-06,0.108665
506,0.005654,1.000e-06,0.146498
507,0.006540,1.000e-06,0.141352
508,0.006739,1.000e-06,0.136035
509,0.001982,1.000e-06,0.069907
510,0.007313,1.000e-06,0.173809
511,0.005153,1.000e-06,0.119735
512,0.004532,1.000e-06,0.127655
513,0.007842,1.000e-06,0.161542
514,0.005248,1.000e-06,0.156842
515,0.003758,1.000e-06,0.121504
516,0.008710,1.000e-06,0.150928
517,0.004780,1.000e-06,0.138124
518,0.004158,1.000e-06,0.146164
519,0.003045,1.000e-06,0.095764
520,0.004608,1.000e-06,0.168266
521,0.005915,1.000e-06,0.131525
522,0.003824,1.000e-06,0.097163
523,0.002672,1.000e-06,0.082891
524,0.004070,1.000e-06,0.098399
525,0.002906,1.000e-06,0.083552
526,0.004467,1.000e-06,0.124950
527,0.005414,1.000e-06,0.134396
528,0.004574,1.000e-06,0.126848
529,0.002592,1.000e-06,0.104796
530,0.004182,1.000e-06,0.126519
531,0.002682,1.000e-06,0.102211
532,0.005945,1.000e-06,0.125762
533,0.005474,1.000e-06,0.118656
534,0.004161,1.000e-06,0.127549
535,0.004059,1.000e-06,0.106436
536,0.005634,1.000e-06,0.116488
537,0.003253,1.000e-06,0.120680
538,0.002194,1.000e-06,0.068221
539,0.003541,1.000e-06,0.115308
540,0.005335,1.000e-06,0.111663
541,0.003498,1.000e-06,0.098683
542,0.002216,1.000e-06,0.092199
543,0.005897,1.000e-06,0.138357
544,0.004348,1.000e-06,0.147501
545,0.004997,1.000e-06,0.158069
546,0.002532,1.000e-06,0.099733
547,0.003288,1.000e-06,0.103893
548,0.005693,1.000e-06,0.156004
549,0.002705,1.000e-06,0.093458
550,0.006544,1.000e-06,0.157248
551,0.003062,1.000e-06,0.123198
552,0.003451,1.000e-06,0.105082
553,0.004544,1.000e-06,0.131706
554,0.003913,1.000e-06,0.129570
555,0.002955,1.000e-06,0.113528
556,0.003150,1.000e-06,0.118440
557,0.005196,1.000e-06,0.129199
558,0.005264,1.000e-06,0.115251
559,0.002880,1.000e-06,0.136404
560,0.006035,1.000e-06,0.175692
561,0.003809,1.000e-06,0.101518
562,0.004338,1.000e-06,0.127631
563,0.004224,1.000e-06,0.107961
564,0.002239,1.000e-06,0.071318
565,0.003787,1.000e-06,0.123569
566,0.003702,1.000e-06,0.106108
567,0.004096,1.000e-06,0.111022
568,0.003039,1.000e-06,0.095232
569,0.002861,1.000e-06,0.112439
570,0.003410,1.000e-06,0.116807
571,0.002832,1.000e-06,0.090677
572,0.003233,1.000e-06,0.114185
573,0.002312,1.000e-06,0.079784
574,0.002518,1.000e-06,0.079186
575,0.002603,1.000e-06,0.076391
576,0.004305,1.000e-06,0.123270
577,0.005049,1.000e-06,0.124626
578,0.004952,1.000e-06,0.163095
579,0.003128,1.000e-06,0.098473
580,0.002361,1.000e-06,0.118184
581,0.004154,1.000e-06,0.169171
582,0.003105,1.000e-06,0.132189
583,0.003562,1.000e-06,0.127406
584,0.002669,1.000e-06,0.103358
585,0.006060,1.000e-06,0.133045
586,0.003040,1.000e-06,0.162785
587,0.005740,1.000e-06,0.143395
588,0.002852,1.000e-06,0.125266
589,0.003047,1.000e-06,0.122864
590,0.002845,1.000e-06,0.111696
591,0.006960,1.000e-06,0.186698
592,0.004324,1.000e-06,0.135868
593,0.003283,1.000e-06,0.119370
594,0.002359,1.000e-06,0.095411
595,0.003293,1.000e-06,0.129710
596,0.003609,1.000e-06,0.099209
597,0.002909,1.000e-06,0.122030
598,0.003430,1.000e-06,0.133172
599,0.005141,1.000e-06,0.142462
600,0.005266,1.000e-06,0.135421
601,0.007374,1.000e-06,0.192346
602,0.003155,1.000e-06,0.112127
603,0.004410,1.000e-06,0.137408
604,0.003675,1.000e-06,0.130083
605,0.004175,1.000e-06,0.126854
606,0.002685,1.000e-06,0.094290
607,0.003873,1.000e-06,0.157504
608,0.006412,1.000e-06,0.128107
609,0.003530,1.000e-06,0.115626
610,0.003943,1.000e-06,0.129695
611,0.002268,1.000e-06,0.085375
612,0.003145,1.000e-06,0.170926
613,0.003321,1.000e-06,0.114139
614,0.005667,1.000e-06,0.146316
615,0.003241,1.000e-06,0.088215
616,0.004540,1.000e-06,0.131555
617,0.002616,1.000e-06,0.079841
618,0.003824,1.000e-06,0.150183
619,0.004247,1.000e-06,0.144545
620,0.002484,1.000e-06,0.079109
621,0.004392,1.000e-06,0.126962
622,0.004466,1.000e-06,0.130368
623,0.002564,1.000e-06,0.103162
624,0.003178,1.000e-06,0.124184
625,0.002033,1.000e-06,0.093641
626,0.004428,1.000e-06,0.120257
627,0.003131,1.000e-06,0.123043
628,0.004293,1.000e-06,0.149557
629,0.002820,1.000e-06,0.097722
630,0.002262,1.000e-06,0.090756
631,0.004102,1.000e-06,0.107698
632,0.002832,1.000e-06,0.120722
633,0.003030,1.000e-06,0.095561
634,0.004432,1.000e-06,0.169006
635,0.003782,1.000e-06,0.104265
636,0.002657,1.000e-06,0.129129
637,0.004347,1.000e-06,0.139997
638,0.003138,1.000e-06,0.127075
639,0.005185,1.000e-06,0.147518
640,0.003557,1.000e-06,0.120749
641,0.002642,1.000e-06,0.110706
642,0.004217,1.000e-06,0.137259
643,0.004279,1.000e-06,0.130366
644,0.003332,1.000e-06,0.088965
645,0.009687,1.000e-06,0.158022
646,0.003323,1.000e-06,0.136339
647,0.003079,1.000e-06,0.110654
648,0.003427,1.000e-06,0.131223
649,0.002604,1.000e-06,0.096712
650,0.004402,1.000e-06,0.175509
651,0.004062,1.000e-06,0.100781
652,0.002939,1.000e-06,0.095235
653,0.003130,1.000e-06,0.103071
654,0.003839,1.000e-06,0.151039
655,0.008127,1.000e-06,0.189574
656,0.003835,1.000e-06,0.140578
657,0.002359,1.000e-06,0.090604
658,0.007911,1.000e-06,0.165975
659,0.003160,1.000e-06,0.118932
660,0.004040,1.000e-06,0.192671
661,0.004570,1.000e-06,0.124275
662,0.002582,1.000e-06,0.160499
663,0.003626,1.000e-06,0.169335
664,0.004084,1.000e-06,0.158990
665,0.002770,1.000e-06,0.092467
666,0.004968,1.000e-06,0.182697
667,0.002777,1.000e-06,0.094833
668,0.003686,1.000e-06,0.120190
669,0.002654,1.000e-06,0.114597
670,0.003412,1.000e-06,0.144523
671,0.003966,1.000e-06,0.097800
672,0.002805,1.000e-06,0.124068
673,0.003189,1.000e-06,0.146647
674,0.004401,1.000e-06,0.143632
675,0.003767,1.000e-06,0.109530
676,0.003275,1.000e-06,0.107682
677,0.003344,1.000e-06,0.150276
678,0.007668,1.000e-06,0.177405
679,0.002382,1.000e-06,0.078224
680,0.004061,1.000e-06,0.341708
681,0.003643,1.000e-06,0.105595
682,0.003654,1.000e-06,0.093450
683,0.004782,1.000e-06,0.136830
684,0.009455,1.000e-06,0.197037
685,0.002769,1.000e-06,0.101301
686,0.003030,1.000e-06,0.099428
687,0.002056,1.000e-06,0.082564
688,0.002822,1.000e-06,0.125904
689,0.003317,1.000e-06,0.112596
690,0.005888,1.000e-06,0.137015
691,0.003150,1.000e-06,0.070279
692,0.003399,1.000e-06,0.082777
693,0.005721,1.000e-06,0.180911
694,0.002365,1.000e-06,0.080277
695,0.002298,1.000e-06,0.085034
696,0.004065,1.000e-06,0.136346
697,0.002797,1.000e-06,0.091436
698,0.005373,1.000e-06,0.133206
699,0.001890,1.000e-06,0.081464
700,0.002893,1.000e-06,0.118968
701,0.006187,1.000e-06,0.173309
702,0.001408,1.000e-06,0.051241
703,0.004505,1.000e-06,0.134565
704,0.006187,1.000e-06,0.159621
705,0.002675,1.000e-06,0.111315
706,0.002938,1.000e-06,0.155273
707,0.004018,1.000e-06,0.121716
708,0.003268,1.000e-06,0.103626
709,0.002962,1.000e-06,0.161579
710,0.003993,1.000e-06,0.153371
711,0.002836,1.000e-06,0.102022
712,0.003164,1.000e-06,0.122562
713,0.002082,1.000e-06,0.068657
714,0.004070,1.000e-06,0.112301
715,0.003892,1.000e-06,0.142895
716,0.006399,1.000e-06,0.166599
717,0.002454,1.000e-06,0.098525
718,0.003801,1.000e-06,0.109820
719,0.005143,1.000e-06,0.184673
720,0.004733,1.000e-06,0.162646
721,0.006473,1.000e-06,0.205977
722,0.003620,1.000e-06,0.123452
723,0.002630,1.000e-06,0.094615
724,0.004831,1.000e-06,0.123676
725,0.004603,1.000e-06,0.115878
726,0.003566,1.000e-06,0.123513
727,0.003283,1.000e-06,0.109857
728,0.003895,1.000e-06,0.134407
729,0.002634,1.000e-06,0.081288
730,0.002511,1.000e-06,0.098727
731,0.002409,1.000e-06,0.088463
732,0.003191,1.000e-06,0.099323
733,0.006279,1.000e-06,0.164880
734,0.002114,1.000e-06,0.063342
735,0.001585,1.000e-06,0.044139
736,0.004394,1.000e-06,0.128573
737,0.003197,1.000e-06,0.116141
738,0.002829,1.000e-06,0.106075
739,0.003977,1.000e-06,0.147900
740,0.002644,1.000e-06,0.124725
741,0.001731,1.000e-06,0.058266
742,0.002252,1.000e-06,0.089441
743,0.001648,1.000e-06,0.064535
744,0.002187,1.000e-06,0.090791
745,0.003021,1.000e-06,0.105447
746,0.002055,1.000e-06,0.063629
747,0.003177,1.000e-06,0.107013
748,0.003517,1.000e-06,0.140420
749,0.003377,1.000e-06,0.130860
750,0.002023,1.000e-06,0.080926
751,0.002337,1.000e-06,0.101380
752,0.004842,1.000e-06,0.208488
753,0.006746,1.000e-06,0.159869
754,0.002240,1.000e-06,0.093720
755,0.005891,1.000e-06,0.121715
756,0.003705,1.000e-06,0.162718
757,0.002537,1.000e-06,0.094146
758,0.002128,1.000e-06,0.091268
759,0.002540,1.000e-06,0.074455
760,0.002034,1.000e-06,0.111452
761,0.002403,1.000e-06,0.114591
762,0.004932,1.000e-06,0.131377
763,0.003129,1.000e-06,0.137180
764,0.005595,1.000e-06,0.155850
765,0.001783,1.000e-06,0.069774
766,0.002183,1.000e-06,0.097987
767,0.002164,1.000e-06,0.087711
768,0.007931,1.000e-06,0.198114
769,0.001490,1.000e-06,0.087414
770,0.002505,1.000e-06,0.094501
771,0.001747,1.000e-06,0.084914
772,0.006678,1.000e-06,0.166817
773,0.003685,1.000e-06,0.116356
774,0.002928,1.000e-06,0.120832
775,0.001670,1.000e-06,0.062411
776,0.005211,1.000e-06,0.166300
777,0.005797,1.000e-06,0.106892
778,0.005919,1.000e-06,0.247975
779,0.001939,1.000e-06,0.088279
780,0.002535,1.000e-06,0.079602
781,0.003995,1.000e-06,0.129210
782,0.001778,1.000e-06,0.090924
783,0.004050,1.000e-06,0.144922
784,0.001507,1.000e-06,0.071860
785,0.007554,1.000e-06,0.196081
786,0.002777,1.000e-06,0.107113
787,0.002094,1.000e-06,0.104570
788,0.001766,1.000e-06,0.109230
789,0.006033,1.000e-06,0.170723
790,0.003763,1.000e-06,0.174645
791,0.003211,1.000e-06,0.145753
792,0.002445,1.000e-06,0.121632
793,0.004290,1.000e-06,0.150949
794,0.004445,1.000e-06,0.138468
795,0.003175,1.000e-06,0.143215
796,0.002619,1.000e-06,0.177253
797,0.002199,1.000e-06,0.102970
798,0.003688,1.000e-06,0.145669
799,0.001955,1.000e-06,0.083201
800,0.002430,1.000e-06,0.085902
801,0.004164,1.000e-06,0.198483
802,0.003062,1.000e-06,0.117897
803,0.002921,1.000e-06,0.142883
804,0.001654,1.000e-06,0.059899
805,0.003495,1.000e-06,0.134506
806,0.002120,1.000e-06,0.088792
807,0.005502,1.000e-06,0.195123
808,0.002450,1.000e-06,0.098150
809,0.002449,1.000e-06,0.095931
810,0.003695,1.000e-06,0.136327
811,0.002741,1.000e-06,0.124230
812,0.004446,1.000e-06,0.153501
813,0.001825,1.000e-06,0.082257
814,0.002499,1.000e-06,0.100928
815,0.003137,1.000e-06,0.103678
816,0.002430,1.000e-06,0.120713
817,0.004401,1.000e-06,0.147064
818,0.006158,1.000e-06,0.168841
819,0.003976,1.000e-06,0.165946
820,0.003066,1.000e-06,0.098183
821,0.003116,1.000e-06,0.126163
822,0.004230,1.000e-06,0.161377
823,0.001733,1.000e-06,0.087600
824,0.002501,1.000e-06,0.109739
825,0.001340,1.000e-06,0.050960
826,0.002043,1.000e-06,0.084723
827,0.001994,1.000e-06,0.111193
828,0.002149,1.000e-06,0.085959
829,0.001692,1.000e-06,0.092555
830,0.002054,1.000e-06,0.065124
831,0.003043,1.000e-06,0.102832
832,0.002447,1.000e-06,0.094100
833,0.002191,1.000e-06,0.104820
834,0.002654,1.000e-06,0.103059
835,0.001823,1.000e-06,0.088760
836,0.001912,1.000e-06,0.065307
837,0.002828,1.000e-06,0.103680
838,0.003040,1.000e-06,0.105778
839,0.003207,1.000e-06,0.122813
840,0.005699,1.000e-06,0.138877
841,0.002212,1.000e-06,0.085262
842,0.003187,1.000e-06,0.095459
843,0.006196,1.000e-06,0.177659
844,0.002031,1.000e-06,0.094245
845,0.004365,1.000e-06,0.159443
846,0.001855,1.000e-06,0.077876
847,0.003109,1.000e-06,0.137571
848,0.001913,1.000e-06,0.079059
849,0.002122,1.000e-06,0.110131
850,0.002110,1.000e-06,0.088348
851,0.004400,1.000e-06,0.152646
852,0.004448,1.000e-06,0.143859
853,0.002546,1.000e-06,0.106896
854,0.001925,1.000e-06,0.096319
855,0.002269,1.000e-06,0.093587
856,0.002651,1.000e-06,0.100618
857,0.001834,1.000e-06,0.068216
858,0.003264,1.000e-06,0.127095
859,0.002383,1.000e-06,0.110352
860,0.002677,1.000e-06,0.101057
861,0.001953,1.000e-06,0.077956
862,0.002258,1.000e-06,0.084660
863,0.002356,1.000e-06,0.094546
864,0.002365,1.000e-06,0.084993
865,0.002952,1.000e-06,0.119489
866,0.001906,1.000e-06,0.080297
867,0.002239,1.000e-06,0.091412
868,0.002505,1.000e-06,0.096090
869,0.001508,1.000e-06,0.054338
870,0.002085,1.000e-06,0.073070
871,0.004937,1.000e-06,0.155811
872,0.002048,1.000e-06,0.078778
873,0.001512,1.000e-06,0.087581
874,0.002181,1.000e-06,0.093855
875,0.002624,1.000e-06,0.107854
876,0.004296,1.000e-06,0.131430
877,0.001737,1.000e-06,0.073254
878,0.002015,1.000e-06,0.133300
879,0.002164,1.000e-06,0.089847
880,0.001625,1.000e-06,0.063978
881,0.002478,1.000e-06,0.133278
882,0.001708,1.000e-06,0.074952
883,0.003737,1.000e-06,0.092546
884,0.001239,1.000e-06,0.058083
885,0.001725,1.000e-06,0.098772
886,0.002008,1.000e-06,0.151783
887,0.005791,1.000e-06,0.170250
888,0.006010,1.000e-06,0.179987
889,0.002699,1.000e-06,0.105991
890,0.004337,1.000e-06,0.138163
891,0.005080,1.000e-06,0.169903
892,0.004481,1.000e-06,0.172625
893,0.004497,1.000e-06,0.206106
894,0.002699,1.000e-06,0.112478
895,0.005732,1.000e-06,0.194720
896,0.002026,1.000e-06,0.084509
897,0.004568,1.000e-06,0.164287
898,0.004362,1.000e-06,0.132644
899,0.004122,1.000e-06,0.143069
900,0.002304,1.000e-06,0.111202
901,0.002674,1.000e-06,0.149845
902,0.006857,1.000e-06,0.169961
903,0.001719,1.000e-06,0.081305
904,0.002935,1.000e-06,0.090098
905,0.001868,1.000e-06,0.113012
906,0.002187,1.000e-06,0.097733
907,0.001675,1.000e-06,0.077888
908,0.002202,1.000e-06,0.107079
909,0.003103,1.000e-06,0.152785
910,0.003445,1.000e-06,0.130469
911,0.002797,1.000e-06,0.113556
912,0.002968,1.000e-06,0.125020
913,0.001318,1.000e-06,0.063093
914,0.002151,1.000e-06,0.116551
915,0.001414,1.000e-06,0.080459
916,0.003004,1.000e-06,0.138779
917,0.001574,1.000e-06,0.068300
918,0.002694,1.000e-06,0.113242
919,0.002221,1.000e-06,0.094456
920,0.002187,1.000e-06,0.078090
921,0.002151,1.000e-06,0.123207
922,0.004547,1.000e-06,0.109055
923,0.002441,1.000e-06,0.141022
924,0.001831,1.000e-06,0.089021
925,0.002117,1.000e-06,0.086651
926,0.001915,1.000e-06,0.089043
927,0.001811,1.000e-06,0.081578
928,0.002772,1.000e-06,0.110412
929,0.003831,1.000e-06,0.129742
930,0.002673,1.000e-06,0.118371
931,0.001548,1.000e-06,0.074025
932,0.001577,1.000e-06,0.068403
933,0.001663,1.000e-06,0.060336
934,0.002359,1.000e-06,0.073920
935,0.002815,1.000e-06,0.120251
936,0.002614,1.000e-06,0.144717
937,0.003612,1.000e-06,0.162679
938,0.001784,1.000e-06,0.072821
939,0.002205,1.000e-06,0.098971
940,0.001703,1.000e-06,0.072013
941,0.002786,1.000e-06,0.119467
942,0.002597,1.000e-06,0.117420
943,0.003163,1.000e-06,0.115874
944,0.002300,1.000e-06,0.120709
945,0.002222,1.000e-06,0.099016
946,0.002019,1.000e-06,0.084675
947,0.003755,1.000e-06,0.120830
948,0.005730,1.000e-06,0.148585
949,0.002133,1.000e-06,0.083972
950,0.003804,1.000e-06,0.125472
951,0.001729,1.000e-06,0.061344
952,0.001244,1.000e-06,0.071407
953,0.002961,1.000e-06,0.094728
954,0.003159,1.000e-06,0.131456
955,0.003247,1.000e-06,0.124275
956,0.004627,1.000e-06,0.149606
957,0.004013,1.000e-06,0.109150
958,0.002195,1.000e-06,0.110864
959,0.002572,1.000e-06,0.107081
960,0.002206,1.000e-06,0.102769
961,0.002747,1.000e-06,0.104770
962,0.001876,1.000e-06,0.076262
963,0.002237,1.000e-06,0.097839
964,0.002850,1.000e-06,0.182850
965,0.001605,1.000e-06,0.066545
966,0.001309,1.000e-06,0.056877
967,0.001882,1.000e-06,0.096801
968,0.002325,1.000e-06,0.104332
969,0.001015,1.000e-06,0.052734
970,0.001804,1.000e-06,0.115426
971,0.002653,1.000e-06,0.095800
972,0.001792,1.000e-06,0.074217
973,0.001631,1.000e-06,0.086921
974,0.002733,1.000e-06,0.102268
975,0.003264,1.000e-06,0.134716
976,0.003040,1.000e-06,0.101156
977,0.002590,1.000e-06,0.157232
978,0.001863,1.000e-06,0.082307
979,0.001840,1.000e-06,0.076902
980,0.003176,1.000e-06,0.125224
981,0.001614,1.000e-06,0.099668
982,0.006528,1.000e-06,0.181099
983,0.003522,1.000e-06,0.132517
984,0.001855,1.000e-06,0.126654
985,0.002423,1.000e-06,0.092896
986,0.001597,1.000e-06,0.079927
987,0.002810,1.000e-06,0.125031
988,0.003740,1.000e-06,0.169661
989,0.001466,1.000e-06,0.082474
990,0.002637,1.000e-06,0.129181
991,0.002626,1.000e-06,0.131224
992,0.001999,1.000e-06,0.086469
993,0.002956,1.000e-06,0.105381
994,0.002707,1.000e-06,0.097426
995,0.001915,1.000e-06,0.102712
996,0.002256,1.000e-06,0.101143
997,0.002503,1.000e-06,0.158134
998,0.002032,1.000e-06,0.080063
999,0.002584,1.000e-06,0.114135
1000,0.003049,1.000e-06,0.233435
1001,0.003513,1.000e-06,0.102173
1002,0.002805,1.000e-06,0.112770
1003,0.002378,1.000e-06,0.146640
1004,0.003812,1.000e-06,0.202495
1005,0.001554,1.000e-06,0.095081
1006,0.001387,1.000e-06,0.065252
1007,0.003207,1.000e-06,0.137610
1008,0.001828,1.000e-06,0.089801
1009,0.002426,1.000e-06,0.112080
1010,0.001755,1.000e-06,0.088658
1011,0.002238,1.000e-06,0.120437
1012,0.002336,1.000e-06,0.161328
1013,0.003308,1.000e-06,0.098592
1014,0.003158,1.000e-06,0.158752
1015,0.001593,1.000e-06,0.066599
1016,0.003261,1.000e-06,0.147099
1017,0.002199,1.000e-06,0.109406
1018,0.002079,1.000e-06,0.104616
1019,0.001639,1.000e-06,0.074107
1020,0.002390,1.000e-06,0.135239
1021,0.005240,1.000e-06,0.132501
1022,0.002439,1.000e-06,0.134322
1023,0.001222,1.000e-06,0.082185
1024,0.002425,1.000e-06,0.146287
1025,0.002778,1.000e-06,0.119431
1026,0.004083,1.000e-06,0.127742
1027,0.004501,1.000e-06,0.116509
1028,0.003108,1.000e-06,0.138459
1029,0.001947,1.000e-06,0.083405
1030,0.001896,1.000e-06,0.084325
1031,0.005961,1.000e-06,0.172183
1032,0.001779,1.000e-06,0.125211
1033,0.001481,1.000e-06,0.088825
1034,0.002997,1.000e-06,0.117034
1035,0.002877,1.000e-06,0.122759
1036,0.003563,1.000e-06,0.117658
1037,0.001541,1.000e-06,0.068897
1038,0.002395,1.000e-06,0.105217
1039,0.002748,1.000e-06,0.131859
1040,0.004817,1.000e-06,0.183080
1041,0.003667,1.000e-06,0.128056
1042,0.002599,1.000e-06,0.108224
1043,0.002445,1.000e-06,0.107943
1044,0.003823,1.000e-06,0.146408
1045,0.002000,1.000e-06,0.101970
1046,0.001567,1.000e-06,0.069843
1047,0.001590,1.000e-06,0.068261
1048,0.001538,1.000e-06,0.094993
1049,0.001655,1.000e-06,0.092507
1050,0.003903,1.000e-06,0.136925
1051,0.001105,1.000e-06,0.057527
1052,0.001617,1.000e-06,0.081881
1053,0.001521,1.000e-06,0.092807
1054,0.001717,1.000e-06,0.094232
1055,0.002086,1.000e-06,0.115167
1056,0.001839,1.000e-06,0.078701
1057,0.001520,1.000e-06,0.063422
1058,0.001646,1.000e-06,0.081783
1059,0.001930,1.000e-06,0.089832
1060,0.004892,1.000e-06,0.161220
1061,0.003942,1.000e-06,0.173210
1062,0.003135,1.000e-06,0.129866
1063,0.002314,1.000e-06,0.121258
1064,0.002503,1.000e-06,0.114140
1065,0.003902,1.000e-06,0.132544
1066,0.004536,1.000e-06,0.141229
1067,0.002841,1.000e-06,0.109477
1068,0.004575,1.000e-06,0.159396
1069,0.003501,1.000e-06,0.158764
1070,0.002764,1.000e-06,0.166556
1071,0.001306,1.000e-06,0.071096
1072,0.001384,1.000e-06,0.080986
1073,0.001791,1.000e-06,0.072654
1074,0.002735,1.000e-06,0.124567
1075,0.001749,1.000e-06,0.102774
1076,0.001617,1.000e-06,0.079903
1077,0.005638,1.000e-06,0.144942
1078,0.002030,1.000e-06,0.097631
1079,0.004406,1.000e-06,0.147772
1080,0.002120,1.000e-06,0.098527
1081,0.009415,1.000e-06,0.223902
1082,0.003842,1.000e-06,0.144456
1083,0.002987,1.000e-06,0.115478
1084,0.001353,1.000e-06,0.079631
1085,0.006882,1.000e-06,0.166415
1086,0.001724,1.000e-06,0.088313
1087,0.001416,1.000e-06,0.071526
1088,0.002364,1.000e-06,0.149721
1089,0.001668,1.000e-06,0.082334
1090,0.004314,1.000e-06,0.190389
1091,0.002276,1.000e-06,0.136641
1092,0.002111,1.000e-06,0.123363
1093,0.003850,1.000e-06,0.138002
1094,0.003797,1.000e-06,0.146544
1095,0.004580,1.000e-06,0.139222
1096,0.001655,1.000e-06,0.099354
1097,0.002476,1.000e-06,0.145415
1098,0.001518,1.000e-06,0.105850
1099,0.002059,1.000e-06,0.083356
1100,0.003342,1.000e-06,0.200957
1101,0.002285,1.000e-06,0.116037
1102,0.001177,1.000e-06,0.060837
1103,0.004432,1.000e-06,0.149468
1104,0.003232,1.000e-06,0.145891
1105,0.002359,1.000e-06,0.140570
1106,0.001935,1.000e-06,0.105252
1107,0.002079,1.000e-06,0.094695
1108,0.002226,1.000e-06,0.097844
1109,0.003440,1.000e-06,0.147428
1110,0.003155,1.000e-06,0.151500
1111,0.001836,1.000e-06,0.100029
1112,0.001985,1.000e-06,0.117860
1113,0.002625,1.000e-06,0.104487
1114,0.001316,1.000e-06,0.069659
1115,0.002439,1.000e-06,0.115013
1116,0.001352,1.000e-06,0.086169
1117,0.001966,1.000e-06,0.091359
1118,0.001662,1.000e-06,0.073117
1119,0.001569,1.000e-06,0.104078
1120,0.001719,1.000e-06,0.076991
1121,0.001272,1.000e-06,0.071096
1122,0.003804,1.000e-06,0.143022
1123,0.002757,1.000e-06,0.198583
1124,0.001462,1.000e-06,0.058674
1125,0.001188,1.000e-06,0.060653
1126,0.002342,1.000e-06,0.098436
1127,0.002193,1.000e-06,0.110720
1128,0.001734,1.000e-06,0.097632
1129,0.002946,1.000e-06,0.111482
1130,0.002852,1.000e-06,0.146013
1131,0.002753,1.000e-06,0.103155
1132,0.003176,1.000e-06,0.132821
1133,0.002463,1.000e-06,0.103156
1134,0.003381,1.000e-06,0.124344
1135,0.001673,1.000e-06,0.082419
1136,0.003101,1.000e-06,0.144522
1137,0.001694,1.000e-06,0.084866
1138,0.001633,1.000e-06,0.082874
1139,0.001558,1.000e-06,0.090885
1140,0.001943,1.000e-06,0.091934
1141,0.002645,1.000e-06,0.098075
1142,0.001671,1.000e-06,0.078643
1143,0.002625,1.000e-06,0.165740
1144,0.001779,1.000e-06,0.090190
1145,0.002029,1.000e-06,0.100518
1146,0.001767,1.000e-06,0.078284
1147,0.001441,1.000e-06,0.099172
1148,0.002198,1.000e-06,0.098830
1149,0.006284,1.000e-06,0.152461
1150,0.001881,1.000e-06,0.116765
1151,0.001892,1.000e-06,0.118725
1152,0.001684,1.000e-06,0.096353
1153,0.002742,1.000e-06,0.116168
1154,0.003318,1.000e-06,0.147379
1155,0.003842,1.000e-06,0.131726
1156,0.002065,1.000e-06,0.132387
1157,0.001272,1.000e-06,0.090723
1158,0.001373,1.000e-06,0.111298
1159,0.001447,1.000e-06,0.088876
1160,0.001649,1.000e-06,0.085642
1161,0.001522,1.000e-06,0.086815
1162,0.003105,1.000e-06,0.177910
1163,0.002736,1.000e-06,0.162071
1164,0.001426,1.000e-06,0.079662
1165,0.001296,1.000e-06,0.081976
1166,0.002266,1.000e-06,0.115038
1167,0.002829,1.000e-06,0.135569
1168,0.004539,1.000e-06,0.143535
1169,0.002392,1.000e-06,0.129005
1170,0.002457,1.000e-06,0.117760
1171,0.003418,1.000e-06,0.118734
1172,0.003642,1.000e-06,0.169835
1173,0.003168,1.000e-06,0.145819
1174,0.002584,1.000e-06,0.124223
1175,0.003962,1.000e-06,0.127436
1176,0.001611,1.000e-06,0.086327
1177,0.002720,1.000e-06,0.159267
1178,0.002377,1.000e-06,0.102032
1179,0.002217,1.000e-06,0.124444
1180,0.002842,1.000e-06,0.134976
1181,0.001536,1.000e-06,0.077726
1182,0.002150,1.000e-06,0.148422
1183,0.001008,1.000e-06,0.039914
1184,0.002991,1.000e-06,0.137267
1185,0.002017,1.000e-06,0.089735
1186,0.002871,1.000e-06,0.104068
1187,0.001203,1.000e-06,0.046405
1188,0.002567,1.000e-06,0.132778
1189,0.001468,1.000e-06,0.088108
1190,0.003158,1.000e-06,0.136934
1191,0.001859,1.000e-06,0.101166
1192,0.003791,1.000e-06,0.151700
1193,0.001767,1.000e-06,0.082067
1194,0.001746,1.000e-06,0.098640
1195,0.001860,1.000e-06,0.110354
1196,0.001390,1.000e-06,0.077043
1197,0.002051,1.000e-06,0.105011
1198,0.001223,1.000e-06,0.067498
1199,0.001605,1.000e-06,0.099681
1200,0.002237,1.000e-06,0.149122
1201,0.001883,1.000e-06,0.085836
1202,0.002014,1.000e-06,0.080067
1203,0.002469,1.000e-06,0.113363
1204,0.001438,1.000e-06,0.080036
1205,0.001638,1.000e-06,0.068938
1206,0.001436,1.000e-06,0.103128
1207,0.002717,1.000e-06,0.118404
1208,0.004457,1.000e-06,0.153138
1209,0.002441,1.000e-06,0.130676
1210,0.004866,1.000e-06,0.127618
1211,0.001426,1.000e-06,0.071781
1212,0.002695,1.000e-06,0.115709
1213,0.001417,1.000e-06,0.089256
1214,0.003314,1.000e-06,0.154292
1215,0.002006,1.000e-06,0.137238
1216,0.002440,1.000e-06,0.109459
1217,0.002020,1.000e-06,0.095355
1218,0.001227,1.000e-06,0.078719
1219,0.003686,1.000e-06,0.177568
1220,0.002257,1.000e-06,0.151221
1221,0.001522,1.000e-06,0.095276
1222,0.001533,1.000e-06,0.081006
1223,0.002944,1.000e-06,0.117189
1224,0.002249,1.000e-06,0.121979
1225,0.002122,1.000e-06,0.112073
1226,0.002261,1.000e-06,0.118415
1227,0.001089,1.000e-06,0.065414
1228,0.003718,1.000e-06,0.139019
1229,0.002066,1.000e-06,0.147242
1230,0.004026,1.000e-06,0.158434
1231,0.001294,1.000e-06,0.065208
1232,0.003962,1.000e-06,0.171135
1233,0.001111,1.000e-06,0.060923
1234,0.003017,1.000e-06,0.147841
1235,0.002121,1.000e-06,0.099984
1236,0.002584,1.000e-06,0.081928
1237,0.002943,1.000e-06,0.135663
1238,0.004269,1.000e-06,0.136725
1239,0.001176,1.000e-06,0.065604
1240,0.001484,1.000e-06,0.101508
1241,0.001806,1.000e-06,0.094531
1242,0.002478,1.000e-06,0.153151
1243,0.001737,1.000e-06,0.069166
1244,0.001895,1.000e-06,0.112364
1245,0.002397,1.000e-06,0.128484
1246,0.001706,1.000e-06,0.073311
1247,0.001219,1.000e-06,0.083145
1248,0.004005,1.000e-06,0.173491
1249,0.005407,1.000e-06,0.184427
1250,0.006620,1.000e-06,0.183793
1251,0.001088,1.000e-06,0.056836
1252,0.001678,1.000e-06,0.135863
1253,0.001108,1.000e-06,0.066583
1254,0.001973,1.000e-06,0.098182
1255,0.002158,1.000e-06,0.124118
1256,0.003079,1.000e-06,0.126736
1257,0.005409,1.000e-06,0.139692
1258,0.005276,1.000e-06,0.181967
1259,0.001664,1.000e-06,0.081416
1260,0.001383,1.000e-06,0.095694
1261,0.003811,1.000e-06,0.180632
1262,0.004526,1.000e-06,0.174802
1263,0.001221,1.000e-06,0.073201
1264,0.001711,1.000e-06,0.103961
1265,0.001512,1.000e-06,0.060387
1266,0.002786,1.000e-06,0.160820
1267,0.002154,1.000e-06,0.119916
1268,0.001699,1.000e-06,0.082468
1269,0.001847,1.000e-06,0.080385
1270,0.005053,1.000e-06,0.189319
1271,0.002608,1.000e-06,0.141057
1272,0.005204,1.000e-06,0.181054
1273,0.004412,1.000e-06,0.152984
1274,0.002599,1.000e-06,0.166723
1275,0.003816,1.000e-06,0.148356
1276,0.004492,1.000e-06,0.114068
1277,0.001525,1.000e-06,0.082755
1278,0.001436,1.000e-06,0.073490
1279,0.001048,1.000e-06,0.058446
1280,0.001714,1.000e-06,0.099003
1281,0.001701,1.000e-06,0.098772
1282,0.001460,1.000e-06,0.113268
1283,0.001083,1.000e-06,0.079110
1284,0.002774,1.000e-06,0.151735
1285,0.002637,1.000e-06,0.126424
1286,0.001400,1.000e-06,0.083959
1287,0.004022,1.000e-06,0.159550
1288,0.004184,1.000e-06,0.182079
1289,0.002271,1.000e-06,0.113359
1290,0.001957,1.000e-06,0.121333
1291,0.001579,1.000e-06,0.086569
1292,0.001491,1.000e-06,0.088956
1293,0.003410,1.000e-06,0.131035
1294,0.001108,1.000e-06,0.063563
1295,0.003348,1.000e-06,0.140137
1296,0.002399,1.000e-06,0.127071
1297,0.001048,1.000e-06,0.053434
1298,0.003563,1.000e-06,0.130110
1299,0.001677,1.000e-06,0.117298
1300,0.001068,1.000e-06,0.072274
1301,0.001552,1.000e-06,0.095512
1302,0.000967,1.000e-06,0.062192
1303,0.001720,1.000e-06,0.097343
1304,0.001630,1.000e-06,0.110159
1305,0.001215,1.000e-06,0.092975
1306,0.002361,1.000e-06,0.139911
1307,0.001400,1.000e-06,0.103130
1308,0.001353,1.000e-06,0.083151
1309,0.002518,1.000e-06,0.142952
1310,0.001663,1.000e-06,0.112060
1311,0.001666,1.000e-06,0.101504
1312,0.001290,1.000e-06,0.103056
1313,0.001048,1.000e-06,0.054815
1314,0.002545,1.000e-06,0.095058
1315,0.003818,1.000e-06,0.163118
1316,0.002949,1.000e-06,0.165460
1317,0.001559,1.000e-06,0.084587
1318,0.003017,1.000e-06,0.142941
1319,0.003882,1.000e-06,0.113364
1320,0.005654,1.000e-06,0.168835
1321,0.002822,1.000e-06,0.136213
1322,0.001775,1.000e-06,0.084326
1323,0.000872,1.000e-06,0.072594
1324,0.002713,1.000e-06,0.113490
1325,0.002348,1.000e-06,0.148848
1326,0.005649,1.000e-06,0.179530
1327,0.004679,1.000e-06,0.171115
1328,0.001668,1.000e-06,0.141927
1329,0.002854,1.000e-06,0.117202
1330,0.001710,1.000e-06,0.126127
1331,0.001375,1.000e-06,0.098786
1332,0.001709,1.000e-06,0.075384
1333,0.001561,1.000e-06,0.084381
1334,0.002544,1.000e-06,0.139485
1335,0.004063,1.000e-06,0.152797
1336,0.003170,1.000e-06,0.185356
1337,0.001351,1.000e-06,0.093718
1338,0.001225,1.000e-06,0.078480
1339,0.001652,1.000e-06,0.106608
1340,0.002222,1.000e-06,0.099747
1341,0.001483,1.000e-06,0.070388
1342,0.003240,1.000e-06,0.153522
1343,0.002640,1.000e-06,0.160533
1344,0.003448,1.000e-06,0.148360
1345,0.003451,1.000e-06,0.129533
1346,0.001819,1.000e-06,0.120454
1347,0.002299,1.000e-06,0.101604
1348,0.001945,1.000e-06,0.099759
1349,0.001973,1.000e-06,0.171221
1350,0.001418,1.000e-06,0.100074
1351,0.001190,1.000e-06,0.077681
1352,0.003279,1.000e-06,0.174775
1353,0.002123,1.000e-06,0.138111
1354,0.002900,1.000e-06,0.128245
1355,0.001693,1.000e-06,0.086325
1356,0.002343,1.000e-06,0.120032
1357,0.001969,1.000e-06,0.121606
1358,0.001356,1.000e-06,0.066270
1359,0.001750,1.000e-06,0.108678
1360,0.003792,1.000e-06,0.121205
1361,0.001597,1.000e-06,0.148298
1362,0.003199,1.000e-06,0.167641
1363,0.001233,1.000e-06,0.079397
1364,0.001056,1.000e-06,0.068163
1365,0.001543,1.000e-06,0.105253
1366,0.001255,1.000e-06,0.094019
1367,0.002973,1.000e-06,0.106935
1368,0.001832,1.000e-06,0.106700
1369,0.005283,1.000e-06,0.161839
1370,0.001501,1.000e-06,0.117960
1371,0.001861,1.000e-06,0.109012
1372,0.001450,1.000e-06,0.092647
1373,0.003460,1.000e-06,0.143751
1374,0.002101,1.000e-06,0.111287
1375,0.002430,1.000e-06,0.131775
1376,0.001213,1.000e-06,0.089347
1377,0.003530,1.000e-06,0.122214
1378,0.001791,1.000e-06,0.090677
1379,0.001299,1.000e-06,0.068019
1380,0.002635,1.000e-06,0.122752
1381,0.001286,1.000e-06,0.078621
1382,0.002636,1.000e-06,0.141146
1383,0.001189,1.000e-06,0.061155
1384,0.003252,1.000e-06,0.129906
1385,0.001041,1.000e-06,0.047687
1386,0.002955,1.000e-06,0.149066
1387,0.002867,1.000e-06,0.139949
1388,0.006633,1.000e-06,0.240310
1389,0.001197,1.000e-06,0.064531
1390,0.001306,1.000e-06,0.075893
1391,0.003444,1.000e-06,0.130921
1392,0.002459,1.000e-06,0.122776
1393,0.002231,1.000e-06,0.131893
1394,0.000899,1.000e-06,0.043033
1395,0.001654,1.000e-06,0.101511
1396,0.001868,1.000e-06,0.116632
1397,0.001767,1.000e-06,0.126528
1398,0.002490,1.000e-06,0.137404
1399,0.001066,1.000e-06,0.054163
1400,0.001309,1.000e-06,0.098253
1401,0.005795,1.000e-06,0.208934
1402,0.001333,1.000e-06,0.081727
1403,0.001379,1.000e-06,0.065889
1404,0.001179,1.000e-06,0.069805
1405,0.001913,1.000e-06,0.106660
1406,0.001308,1.000e-06,0.060489
1407,0.001130,1.000e-06,0.061651
1408,0.005561,1.000e-06,0.190844
1409,0.001201,1.000e-06,0.076256
1410,0.002151,1.000e-06,0.114625
1411,0.002355,1.000e-06,0.112366
1412,0.001677,1.000e-06,0.077609
1413,0.003044,1.000e-06,0.153605
1414,0.001994,1.000e-06,0.129223
1415,0.002002,1.000e-06,0.109760
1416,0.005769,1.000e-06,0.186758
1417,0.001725,1.000e-06,0.095008
1418,0.001992,1.000e-06,0.124980
1419,0.002120,1.000e-06,0.171669
1420,0.001815,1.000e-06,0.107363
1421,0.001300,1.000e-06,0.070156
1422,0.001176,1.000e-06,0.074320
1423,0.001557,1.000e-06,0.093148
1424,0.001933,1.000e-06,0.104383
1425,0.001007,1.000e-06,0.059570
1426,0.002618,1.000e-06,0.142781
1427,0.001556,1.000e-06,0.083568
1428,0.003301,1.000e-06,0.132375
1429,0.001315,1.000e-06,0.082553
1430,0.001255,1.000e-06,0.092327
1431,0.001065,1.000e-06,0.052901
1432,0.001509,1.000e-06,0.082870
1433,0.001854,1.000e-06,0.112692
1434,0.001103,1.000e-06,0.081560
1435,0.001373,1.000e-06,0.088615
1436,0.001999,1.000e-06,0.100492
1437,0.002159,1.000e-06,0.117018
1438,0.001174,1.000e-06,0.069195
1439,0.003910,1.000e-06,0.139167
1440,0.005087,1.000e-06,0.253599
1441,0.000980,1.000e-06,0.063035
1442,0.000938,1.000e-06,0.056491
1443,0.001552,1.000e-06,0.110777
1444,0.001478,1.000e-06,0.092042
1445,0.003188,1.000e-06,0.263163
1446,0.002667,1.000e-06,0.126639
1447,0.001341,1.000e-06,0.077351
1448,0.002397,1.000e-06,0.115680
1449,0.002183,1.000e-06,0.118993
1450,0.001678,1.000e-06,0.109792
1451,0.002151,1.000e-06,0.143823
1452,0.001455,1.000e-06,0.113306
1453,0.002261,1.000e-06,0.119989
1454,0.001509,1.000e-06,0.071662
1455,0.001167,1.000e-06,0.063654
1456,0.002489,1.000e-06,0.153881
1457,0.002193,1.000e-06,0.114916
1458,0.001359,1.000e-06,0.088381
1459,0.001256,1.000e-06,0.085577
1460,0.001450,1.000e-06,0.099315
1461,0.003269,1.000e-06,0.099983
1462,0.004301,1.000e-06,0.186302
1463,0.001098,1.000e-06,0.064311
1464,0.002058,1.000e-06,0.152415
1465,0.001143,1.000e-06,0.088492
1466,0.002871,1.000e-06,0.245233
1467,0.001904,1.000e-06,0.155405
1468,0.002087,1.000e-06,0.180134
1469,0.000881,1.000e-06,0.061695
1470,0.001164,1.000e-06,0.091640
1471,0.001901,1.000e-06,0.110184
1472,0.001157,1.000e-06,0.076765
1473,0.003238,1.000e-06,0.121534
1474,0.001334,1.000e-06,0.086180
1475,0.001229,1.000e-06,0.102860
1476,0.001336,1.000e-06,0.133976
1477,0.001573,1.000e-06,0.090948
1478,0.001620,1.000e-06,0.104111
1479,0.001017,1.000e-06,0.085073
1480,0.002638,1.000e-06,0.153896
1481,0.004259,1.000e-06,0.180475
1482,0.001374,1.000e-06,0.068162
1483,0.001861,1.000e-06,0.095968
1484,0.000919,1.000e-06,0.065074
1485,0.001979,1.000e-06,0.132587
1486,0.000862,1.000e-06,0.064482
1487,0.001166,1.000e-06,0.073330
1488,0.001594,1.000e-06,0.095342
1489,0.001087,1.000e-06,0.057712
1490,0.001285,1.000e-06,0.066510
1491,0.003399,1.000e-06,0.189376
1492,0.002263,1.000e-06,0.123729
1493,0.001265,1.000e-06,0.078808
1494,0.001322,1.000e-06,0.086675
1495,0.002441,1.000e-06,0.110844
1496,0.001867,1.000e-06,0.110799
1497,0.001475,1.000e-06,0.098780
1498,0.002642,1.000e-06,0.103795
1499,0.001626,1.000e-06,0.103742
1500,0.002261,1.000e-06,0.117471
1501,0.001580,1.000e-06,0.101186
1502,0.001942,1.000e-06,0.139533
1503,0.003919,1.000e-06,0.111516
1504,0.001568,1.000e-06,0.102389
1505,0.001598,1.000e-06,0.097071
1506,0.002120,1.000e-06,0.102270
1507,0.002092,1.000e-06,0.129983
1508,0.001484,1.000e-06,0.136493
1509,0.001854,1.000e-06,0.103433
1510,0.001379,1.000e-06,0.101375
1511,0.001132,1.000e-06,0.056649
1512,0.001535,1.000e-06,0.102051
1513,0.001847,1.000e-06,0.096040
1514,0.001400,1.000e-06,0.080334
1515,0.003691,1.000e-06,0.122043
1516,0.001162,1.000e-06,0.059167
1517,0.002046,1.000e-06,0.105839
1518,0.001185,1.000e-06,0.063070
1519,0.001652,1.000e-06,0.127693
1520,0.000773,1.000e-06,0.052309
1521,0.001628,1.000e-06,0.098064
1522,0.000852,1.000e-06,0.052640
1523,0.001785,1.000e-06,0.136312
1524,0.001185,1.000e-06,0.086245
1525,0.001918,1.000e-06,0.087284
1526,0.001056,1.000e-06,0.053693
1527,0.001032,1.000e-06,0.078171
1528,0.001970,1.000e-06,0.134027
1529,0.002184,1.000e-06,0.171775
1530,0.002675,1.000e-06,0.168456
1531,0.002730,1.000e-06,0.142816
1532,0.001408,1.000e-06,0.066270
1533,0.001341,1.000e-06,0.082624
1534,0.001628,1.000e-06,0.106322
1535,0.001222,1.000e-06,0.066377
1536,0.002082,1.000e-06,0.175954
1537,0.002279,1.000e-06,0.139213
1538,0.003558,1.000e-06,0.148533
1539,0.001423,1.000e-06,0.097132
1540,0.002642,1.000e-06,0.156235
1541,0.001197,1.000e-06,0.081122
1542,0.001723,1.000e-06,0.101377
1543,0.002265,1.000e-06,0.123522
1544,0.001549,1.000e-06,0.130354
1545,0.001270,1.000e-06,0.098287
1546,0.003047,1.000e-06,0.151450
1547,0.001532,1.000e-06,0.085952
1548,0.003479,1.000e-06,0.149964
1549,0.001380,1.000e-06,0.085313
1550,0.001421,1.000e-06,0.119642
1551,0.001057,1.000e-06,0.089671
1552,0.001570,1.000e-06,0.123455
1553,0.002035,1.000e-06,0.111001
1554,0.002706,1.000e-06,0.111433
1555,0.001396,1.000e-06,0.079639
1556,0.001591,1.000e-06,0.104676
1557,0.001118,1.000e-06,0.058995
1558,0.001023,1.000e-06,0.062660
1559,0.003437,1.000e-06,0.140321
1560,0.001230,1.000e-06,0.092700
1561,0.006113,1.000e-06,0.156182
1562,0.001354,1.000e-06,0.071764
1563,0.004974,1.000e-06,0.137869
1564,0.001209,1.000e-06,0.075504
1565,0.001725,1.000e-06,0.100347
1566,0.002474,1.000e-06,0.130321
1567,0.001032,1.000e-06,0.060552
1568,0.002560,1.000e-06,0.154975
1569,0.002396,1.000e-06,0.109285
1570,0.002769,1.000e-06,0.128442
1571,0.000885,1.000e-06,0.049291
1572,0.001433,1.000e-06,0.076781
1573,0.001667,1.000e-06,0.093955
1574,0.000773,1.000e-06,0.041268
1575,0.000976,1.000e-06,0.062336
1576,0.001622,1.000e-06,0.098515
1577,0.001681,1.000e-06,0.101742
1578,0.000784,1.000e-06,0.057963
1579,0.001583,1.000e-06,0.092172
1580,0.002186,1.000e-06,0.164429
1581,0.001541,1.000e-06,0.124310
1582,0.002458,1.000e-06,0.106631
1583,0.001377,1.000e-06,0.076934
1584,0.002015,1.000e-06,0.122970
1585,0.001109,1.000e-06,0.061948
1586,0.001445,1.000e-06,0.117830
1587,0.002407,1.000e-06,0.206056
1588,0.001330,1.000e-06,0.090234
1589,0.001125,1.000e-06,0.074311
1590,0.001947,1.000e-06,0.136550
1591,0.000961,1.000e-06,0.053165
1592,0.000899,1.000e-06,0.051627
1593,0.001882,1.000e-06,0.162053
1594,0.001215,1.000e-06,0.082165
1595,0.000991,1.000e-06,0.054652
1596,0.001379,1.000e-06,0.079320
1597,0.002043,1.000e-06,0.084793
1598,0.001927,1.000e-06,0.098574
1599,0.001123,1.000e-06,0.076945
1600,0.001516,1.000e-06,0.096792
1601,0.001408,1.000e-06,0.084449
1602,0.000874,1.000e-06,0.046568
1603,0.004322,1.000e-06,0.216556
1604,0.002868,1.000e-06,0.121611
1605,0.001312,1.000e-06,0.094514
1606,0.000888,1.000e-06,0.050584
1607,0.001336,1.000e-06,0.071664
1608,0.002342,1.000e-06,0.127153
1609,0.001791,1.000e-06,0.102868
1610,0.001634,1.000e-06,0.103954
1611,0.001442,1.000e-06,0.091655
1612,0.001048,1.000e-06,0.062066
1613,0.001844,1.000e-06,0.094542
1614,0.001374,1.000e-06,0.100146
1615,0.001551,1.000e-06,0.099831
1616,0.001612,1.000e-06,0.120456
1617,0.001277,1.000e-06,0.078702
1618,0.001204,1.000e-06,0.099733
1619,0.002168,1.000e-06,0.119186
1620,0.001445,1.000e-06,0.094668
1621,0.000939,1.000e-06,0.063249
1622,0.004053,1.000e-06,0.160847
1623,0.001910,1.000e-06,0.151850
1624,0.000954,1.000e-06,0.057436
1625,0.001208,1.000e-06,0.067718
1626,0.001557,1.000e-06,0.096366
1627,0.002570,1.000e-06,0.126201
1628,0.004302,1.000e-06,0.154065
1629,0.001586,1.000e-06,0.121848
1630,0.001957,1.000e-06,0.125737
1631,0.000991,1.000e-06,0.063521
1632,0.001399,1.000e-06,0.091883
1633,0.002256,1.000e-06,0.101499
1634,0.001167,1.000e-06,0.079645
1635,0.001363,1.000e-06,0.118156
1636,0.001687,1.000e-06,0.103775
1637,0.002291,1.000e-06,0.126783
1638,0.001222,1.000e-06,0.094014
1639,0.001544,1.000e-06,0.121020
1640,0.002807,1.000e-06,0.096433
1641,0.002026,1.000e-06,0.118994
1642,0.002117,1.000e-06,0.125643
1643,0.001121,1.000e-06,0.077757
1644,0.001254,1.000e-06,0.082676
1645,0.001302,1.000e-06,0.069100
1646,0.001787,1.000e-06,0.169593
1647,0.002795,1.000e-06,0.143236
1648,0.005585,1.000e-06,0.141058
1649,0.003137,1.000e-06,0.142480
1650,0.001789,1.000e-06,0.113041
1651,0.002679,1.000e-06,0.137482
1652,0.000808,1.000e-06,0.059823
1653,0.001391,1.000e-06,0.080041
1654,0.001360,1.000e-06,0.088762
1655,0.001281,1.000e-06,0.098318
1656,0.003882,1.000e-06,0.159331
1657,0.004897,1.000e-06,0.216610
1658,0.003072,1.000e-06,0.100484
1659,0.000905,1.000e-06,0.062826
1660,0.001442,1.000e-06,0.091866
1661,0.003819,1.000e-06,0.115053
1662,0.001402,1.000e-06,0.087023
1663,0.001617,1.000e-06,0.101575
1664,0.001604,1.000e-06,0.103996
1665,0.001450,1.000e-06,0.081437
1666,0.003128,1.000e-06,0.165533
1667,0.001135,1.000e-06,0.068760
1668,0.001089,1.000e-06,0.073429
1669,0.001095,1.000e-06,0.071343
1670,0.001614,1.000e-06,0.222781
1671,0.001539,1.000e-06,0.087018
1672,0.001431,1.000e-06,0.093041
1673,0.001056,1.000e-06,0.094674
1674,0.001884,1.000e-06,0.140050
1675,0.002023,1.000e-06,0.125136
1676,0.002560,1.000e-06,0.180470
1677,0.001393,1.000e-06,0.120456
1678,0.001527,1.000e-06,0.139162
1679,0.002044,1.000e-06,0.148140
1680,0.000963,1.000e-06,0.061958
1681,0.001605,1.000e-06,0.127969
1682,0.001632,1.000e-06,0.132494
1683,0.001684,1.000e-06,0.123472
1684,0.003980,1.000e-06,0.170260
1685,0.000950,1.000e-06,0.060371
1686,0.004325,1.000e-06,0.208880
1687,0.001015,1.000e-06,0.061340
1688,0.001750,1.000e-06,0.101544
1689,0.003036,1.000e-06,0.127564
1690,0.001315,1.000e-06,0.078445
1691,0.002482,1.000e-06,0.088512
1692,0.004723,1.000e-06,0.192157
1693,0.001022,1.000e-06,0.067828
1694,0.000816,1.000e-06,0.059761
1695,0.003900,1.000e-06,0.131568
1696,0.002596,1.000e-06,0.129127
1697,0.001223,1.000e-06,0.087265
1698,0.004306,1.000e-06,0.169489
1699,0.001363,1.000e-06,0.110259
1700,0.001282,1.000e-06,0.067105
1701,0.001619,1.000e-06,0.119938
1702,0.002046,1.000e-06,0.132675
1703,0.001176,1.000e-06,0.079785
1704,0.000874,1.000e-06,0.055336
1705,0.002834,1.000e-06,0.161928
1706,0.002338,1.000e-06,0.126219
1707,0.001240,1.000e-06,0.073149
1708,0.001119,1.000e-06,0.065783
1709,0.001369,1.000e-06,0.084260
1710,0.001016,1.000e-06,0.078123
1711,0.002070,1.000e-06,0.154337
1712,0.002137,1.000e-06,0.154520
1713,0.001430,1.000e-06,0.072094
1714,0.001373,1.000e-06,0.087668
1715,0.001252,1.000e-06,0.089570
1716,0.002407,1.000e-06,0.132723
1717,0.001033,1.000e-06,0.069232
1718,0.001828,1.000e-06,0.113806
1719,0.001463,1.000e-06,0.079368
1720,0.003863,1.000e-06,0.138270
1721,0.000819,1.000e-06,0.045725
1722,0.001733,1.000e-06,0.102032
1723,0.001757,1.000e-06,0.107821
1724,0.001074,1.000e-06,0.065586
1725,0.001623,1.000e-06,0.103421
1726,0.001459,1.000e-06,0.129147
1727,0.000975,1.000e-06,0.064359
1728,0.001806,1.000e-06,0.135391
1729,0.004031,1.000e-06,0.187963
1730,0.001300,1.000e-06,0.086655
1731,0.001828,1.000e-06,0.099733
1732,0.001568,1.000e-06,0.098827
1733,0.003712,1.000e-06,0.244960
1734,0.002537,1.000e-06,0.170847
1735,0.002260,1.000e-06,0.104522
1736,0.002427,1.000e-06,0.122880
1737,0.001324,1.000e-06,0.110307
1738,0.002151,1.000e-06,0.185389
1739,0.002432,1.000e-06,0.157885
1740,0.001306,1.000e-06,0.096419
1741,0.002324,1.000e-06,0.121434
1742,0.003598,1.000e-06,0.159690
1743,0.001150,1.000e-06,0.076798
1744,0.001874,1.000e-06,0.106700
1745,0.001698,1.000e-06,0.154968
1746,0.003114,1.000e-06,0.134829
1747,0.001687,1.000e-06,0.137500
1748,0.001099,1.000e-06,0.076863
1749,0.002162,1.000e-06,0.129048
1750,0.000755,1.000e-06,0.050833
1751,0.001740,1.000e-06,0.097103
1752,0.002743,1.000e-06,0.190714
1753,0.001378,1.000e-06,0.079550
1754,0.002240,1.000e-06,0.120420
1755,0.001297,1.000e-06,0.071897
1756,0.001230,1.000e-06,0.081368
1757,0.001184,1.000e-06,0.096438
1758,0.001451,1.000e-06,0.106431
1759,0.001509,1.000e-06,0.106573
1760,0.001259,1.000e-06,0.112471
1761,0.001873,1.000e-06,0.101094
1762,0.000884,1.000e-06,0.057728
1763,0.001623,1.000e-06,0.109753
1764,0.001052,1.000e-06,0.068415
1765,0.002510,1.000e-06,0.102975
1766,0.001540,1.000e-06,0.144518
1767,0.002492,1.000e-06,0.157486
1768,0.001567,1.000e-06,0.117735
1769,0.000838,1.000e-06,0.050894
1770,0.002367,1.000e-06,0.113603
1771,0.002456,1.000e-06,0.127625
1772,0.001657,1.000e-06,0.146812
1773,0.001218,1.000e-06,0.098767
1774,0.001385,1.000e-06,0.083867
1775,0.000834,1.000e-06,0.054986
1776,0.001055,1.000e-06,0.061469
1777,0.001225,1.000e-06,0.082235
1778,0.000983,1.000e-06,0.074936
1779,0.001651,1.000e-06,0.097852
1780,0.001797,1.000e-06,0.101370
1781,0.003176,1.000e-06,0.260442
1782,0.002132,1.000e-06,0.126837
1783,0.001459,1.000e-06,0.109491
1784,0.001664,1.000e-06,0.131120
1785,0.003009,1.000e-06,0.201422
1786,0.001543,1.000e-06,0.091590
1787,0.002170,1.000e-06,0.127503
1788,0.001230,1.000e-06,0.080829
1789,0.001770,1.000e-06,0.134721
1790,0.002235,1.000e-06,0.116809
1791,0.001626,1.000e-06,0.094285
1792,0.001187,1.000e-06,0.109625
1793,0.002098,1.000e-06,0.109024
1794,0.001348,1.000e-06,0.097042
1795,0.001636,1.000e-06,0.147673
1796,0.004866,1.000e-06,0.200087
1797,0.004397,1.000e-06,0.145938
1798,0.002399,1.000e-06,0.172916
1799,0.002517,1.000e-06,0.125249
1800,0.001541,1.000e-06,0.117411
1801,0.001086,1.000e-06,0.074052
1802,0.001607,1.000e-06,0.104828
1803,0.001221,1.000e-06,0.083981
1804,0.001016,1.000e-06,0.054797
1805,0.002296,1.000e-06,0.181460
1806,0.004852,1.000e-06,0.144159
1807,0.001774,1.000e-06,0.087124
1808,0.001615,1.000e-06,0.147518
1809,0.000983,1.000e-06,0.078413
1810,0.001272,1.000e-06,0.103448
1811,0.001197,1.000e-06,0.070669
1812,0.001409,1.000e-06,0.089912
1813,0.001194,1.000e-06,0.085240
1814,0.001804,1.000e-06,0.187698
1815,0.001466,1.000e-06,0.106783
1816,0.001187,1.000e-06,0.074266
1817,0.001478,1.000e-06,0.107217
1818,0.001274,1.000e-06,0.097065
1819,0.001860,1.000e-06,0.141930
1820,0.000702,1.000e-06,0.056987
1821,0.002105,1.000e-06,0.142234
1822,0.001749,1.000e-06,0.111106
1823,0.002361,1.000e-06,0.139551
1824,0.001892,1.000e-06,0.089614
1825,0.001669,1.000e-06,0.136158
1826,0.001766,1.000e-06,0.110457
1827,0.002859,1.000e-06,0.157258
1828,0.001279,1.000e-06,0.076682
1829,0.003987,1.000e-06,0.136444
1830,0.000908,1.000e-06,0.059265
1831,0.003105,1.000e-06,0.142330
1832,0.000921,1.000e-06,0.050279
1833,0.002452,1.000e-06,0.106006
1834,0.001025,1.000e-06,0.065131
1835,0.001095,1.000e-06,0.085682
1836,0.001106,1.000e-06,0.084404
1837,0.001206,1.000e-06,0.092499
1838,0.001793,1.000e-06,0.082420
1839,0.001706,1.000e-06,0.123143
1840,0.000986,1.000e-06,0.068746
1841,0.003956,1.000e-06,0.165941
1842,0.000904,1.000e-06,0.061710
1843,0.000877,1.000e-06,0.060186
1844,0.001080,1.000e-06,0.063912
1845,0.002894,1.000e-06,0.303149
1846,0.001654,1.000e-06,0.081700
1847,0.003111,1.000e-06,0.143799
1848,0.002028,1.000e-06,0.111447
1849,0.004734,1.000e-06,0.263539
1850,0.001235,1.000e-06,0.123389
1851,0.006955,1.000e-06,0.249230
1852,0.001847,1.000e-06,0.126762
1853,0.000844,1.000e-06,0.077660
1854,0.001071,1.000e-06,0.064837
1855,0.003512,1.000e-06,0.208830
1856,0.001245,1.000e-06,0.082827
1857,0.000932,1.000e-06,0.054455
1858,0.001441,1.000e-06,0.117107
1859,0.001235,1.000e-06,0.093803
1860,0.001044,1.000e-06,0.069407
1861,0.003459,1.000e-06,0.189851
1862,0.002189,1.000e-06,0.089560
1863,0.001112,1.000e-06,0.079746
1864,0.001261,1.000e-06,0.078940
1865,0.005945,1.000e-06,0.167336
1866,0.001021,1.000e-06,0.082590
1867,0.000985,1.000e-06,0.063884
1868,0.000973,1.000e-06,0.069520
1869,0.002611,1.000e-06,0.126890
1870,0.001094,1.000e-06,0.068210
1871,0.001975,1.000e-06,0.117460
1872,0.001058,1.000e-06,0.067859
1873,0.002035,1.000e-06,0.113948
1874,0.001276,1.000e-06,0.089807
1875,0.001319,1.000e-06,0.122414
1876,0.003733,1.000e-06,0.220816
1877,0.003501,1.000e-06,0.141792
1878,0.001177,1.000e-06,0.080603
1879,0.003809,1.000e-06,0.165594
1880,0.001467,1.000e-06,0.096843
1881,0.000753,1.000e-06,0.052309
1882,0.001441,1.000e-06,0.093161
1883,0.001250,1.000e-06,0.067280
1884,0.001907,1.000e-06,0.110410
1885,0.001415,1.000e-06,0.091816
1886,0.001834,1.000e-06,0.109715
1887,0.001776,1.000e-06,0.098605
1888,0.001205,1.000e-06,0.077074
1889,0.000685,1.000e-06,0.060277
1890,0.000811,1.000e-06,0.052229
1891,0.003869,1.000e-06,0.203885
1892,0.001151,1.000e-06,0.079835
1893,0.000769,1.000e-06,0.050779
1894,0.004230,1.000e-06,0.171958
1895,0.001235,1.000e-06,0.096515
1896,0.002992,1.000e-06,0.146696
1897,0.002457,1.000e-06,0.112397
1898,0.001472,1.000e-06,0.122320
1899,0.001137,1.000e-06,0.080511
1900,0.001322,1.000e-06,0.070954
1901,0.000931,1.000e-06,0.077114
1902,0.001776,1.000e-06,0.112712
1903,0.001372,1.000e-06,0.086864
1904,0.001114,1.000e-06,0.069866
1905,0.002370,1.000e-06,0.144388
1906,0.002849,1.000e-06,0.137534
1907,0.001432,1.000e-06,0.137770
1908,0.002261,1.000e-06,0.101151
1909,0.005074,1.000e-06,0.196278
1910,0.000886,1.000e-06,0.074111
1911,0.001137,1.000e-06,0.076232
1912,0.001053,1.000e-06,0.072617
1913,0.000852,1.000e-06,0.069380
1914,0.001688,1.000e-06,0.106006
1915,0.001760,1.000e-06,0.092857
1916,0.001565,1.000e-06,0.094430
1917,0.002079,1.000e-06,0.153740
1918,0.001495,1.000e-06,0.153658
1919,0.001401,1.000e-06,0.089892
1920,0.001810,1.000e-06,0.129982
1921,0.002496,1.000e-06,0.158634
1922,0.000934,1.000e-06,0.064949
1923,0.001020,1.000e-06,0.071356
1924,0.003298,1.000e-06,0.164817
1925,0.000935,1.000e-06,0.054249
1926,0.001927,1.000e-06,0.118471
1927,0.001547,1.000e-06,0.091713
1928,0.000778,1.000e-06,0.065115
1929,0.001691,1.000e-06,0.135486
1930,0.001631,1.000e-06,0.129519
1931,0.002208,1.000e-06,0.148702
1932,0.001116,1.000e-06,0.069169
1933,0.001717,1.000e-06,0.120410
1934,0.001870,1.000e-06,0.114304
1935,0.002798,1.000e-06,0.165781
1936,0.001010,1.000e-06,0.059260
1937,0.001005,1.000e-06,0.090011
1938,0.001251,1.000e-06,0.077300
1939,0.001173,1.000e-06,0.103622
1940,0.001543,1.000e-06,0.110679
1941,0.000917,1.000e-06,0.063786
1942,0.003931,1.000e-06,0.175063
1943,0.001634,1.000e-06,0.108972
1944,0.001261,1.000e-06,0.082840
1945,0.002941,1.000e-06,0.140364
1946,0.001006,1.000e-06,0.070089
1947,0.002121,1.000e-06,0.121370
1948,0.002264,1.000e-06,0.137877
1949,0.000888,1.000e-06,0.093176
1950,0.002721,1.000e-06,0.096222
1951,0.001378,1.000e-06,0.099609
1952,0.000959,1.000e-06,0.062734
1953,0.001012,1.000e-06,0.067499
1954,0.003467,1.000e-06,0.172079
1955,0.001563,1.000e-06,0.108839
1956,0.002091,1.000e-06,0.199944
1957,0.002159,1.000e-06,0.125243
1958,0.001518,1.000e-06,0.089379
1959,0.001197,1.000e-06,0.079667
1960,0.001672,1.000e-06,0.141546
1961,0.003964,1.000e-06,0.209397
1962,0.000850,1.000e-06,0.092657
1963,0.003344,1.000e-06,0.121025
1964,0.001610,1.000e-06,0.117812
1965,0.003195,1.000e-06,0.155211
1966,0.001595,1.000e-06,0.130024
1967,0.001417,1.000e-06,0.137458
1968,0.001174,1.000e-06,0.086633
1969,0.001431,1.000e-06,0.087229
1970,0.002268,1.000e-06,0.110100
1971,0.001589,1.000e-06,0.096838
1972,0.001535,1.000e-06,0.124316
1973,0.000945,1.000e-06,0.071948
1974,0.000793,1.000e-06,0.052447
1975,0.002028,1.000e-06,0.128379
1976,0.001390,1.000e-06,0.133074
1977,0.001550,1.000e-06,0.092814
1978,0.001110,1.000e-06,0.086852
1979,0.000759,1.000e-06,0.048385
1980,0.001293,1.000e-06,0.132973
1981,0.001855,1.000e-06,0.132736
1982,0.002034,1.000e-06,0.111643
1983,0.002033,1.000e-06,0.149476
1984,0.002086,1.000e-06,0.162587
1985,0.000775,1.000e-06,0.047072
1986,0.002691,1.000e-06,0.187259
1987,0.001623,1.000e-06,0.125004
1988,0.000981,1.000e-06,0.084117
1989,0.001169,1.000e-06,0.094583
1990,0.001048,1.000e-06,0.073665
1991,0.000997,1.000e-06,0.083677
1992,0.003757,1.000e-06,0.236926
1993,0.000863,1.000e-06,0.052794
1994,0.007565,1.000e-06,0.256618
1995,0.001626,1.000e-06,0.143007
1996,0.002098,1.000e-06,0.146558
1997,0.002290,1.000e-06,0.155192
1998,0.002521,1.000e-06,0.130989
1999,0.000859,1.000e-06,0.081294
2000,0.001205,1.000e-06,0.094503
2001,0.000975,1.000e-06,0.080262
2002,0.001142,1.000e-06,0.089243
2003,0.001622,1.000e-06,0.101518
2004,0.001000,1.000e-06,0.078521
2005,0.001300,1.000e-06,0.126202
2006,0.001892,1.000e-06,0.176247
2007,0.001390,1.000e-06,0.099044
2008,0.001566,1.000e-06,0.092590
2009,0.001888,1.000e-06,0.147453
2010,0.002429,1.000e-06,0.169600
2011,0.001361,1.000e-06,0.096057
2012,0.001621,1.000e-06,0.128499
2013,0.001360,1.000e-06,0.111204
2014,0.001096,1.000e-06,0.071959
2015,0.001689,1.000e-06,0.112532
2016,0.000915,1.000e-06,0.078442
2017,0.001613,1.000e-06,0.103277
2018,0.000947,1.000e-06,0.069933
2019,0.002607,1.000e-06,0.130598
2020,0.001571,1.000e-06,0.140190
2021,0.001227,1.000e-06,0.170562
2022,0.000996,1.000e-06,0.106941
2023,0.002864,1.000e-06,0.162296
2024,0.004511,1.000e-06,0.187953
2025,0.001425,1.000e-06,0.170514
2026,0.001484,1.000e-06,0.107882
2027,0.001579,1.000e-06,0.106420
2028,0.002397,1.000e-06,0.157385
2029,0.001865,1.000e-06,0.114993
2030,0.002789,1.000e-06,0.169476
2031,0.001393,1.000e-06,0.119433
2032,0.000914,1.000e-06,0.067627
2033,0.000957,1.000e-06,0.086591
2034,0.000856,1.000e-06,0.109344
2035,0.001170,1.000e-06,0.095235
2036,0.001222,1.000e-06,0.081590
2037,0.000948,1.000e-06,0.081434
2038,0.002774,1.000e-06,0.130359
2039,0.000795,1.000e-06,0.051313
2040,0.000760,1.000e-06,0.062120
2041,0.000785,1.000e-06,0.101832
2042,0.001479,1.000e-06,0.097136
2043,0.001209,1.000e-06,0.099067
2044,0.001416,1.000e-06,0.092687
2045,0.001143,1.000e-06,0.078395
2046,0.000659,1.000e-06,0.038009
2047,0.001893,1.000e-06,0.152312
2048,0.000626,1.000e-06,0.043451
2049,0.001477,1.000e-06,0.088670
2050,0.001739,1.000e-06,0.134292
2051,0.000850,1.000e-06,0.057227
2052,0.001976,1.000e-06,0.126307
2053,0.000649,1.000e-06,0.064782
2054,0.000635,1.000e-06,0.038891
2055,0.001246,1.000e-06,0.092978
2056,0.001712,1.000e-06,0.170016
2057,0.001936,1.000e-06,0.115786
2058,0.002069,1.000e-06,0.137237
2059,0.000805,1.000e-06,0.052530
2060,0.002000,1.000e-06,0.163332
2061,0.001178,1.000e-06,0.106566
2062,0.000830,1.000e-06,0.051469
2063,0.002111,1.000e-06,0.145159
2064,0.001243,1.000e-06,0.104592
2065,0.002899,1.000e-06,0.147500
2066,0.001980,1.000e-06,0.135838
2067,0.001867,1.000e-06,0.122843
2068,0.000982,1.000e-06,0.085276
2069,0.002271,1.000e-06,0.170199
2070,0.000873,1.000e-06,0.060613
2071,0.001218,1.000e-06,0.070712
2072,0.000718,1.000e-06,0.063144
2073,0.002159,1.000e-06,0.152203
2074,0.001039,1.000e-06,0.082946
2075,0.000959,1.000e-06,0.081347
2076,0.001457,1.000e-06,0.096777
2077,0.002148,1.000e-06,0.135814
2078,0.002007,1.000e-06,0.144762
2079,0.000770,1.000e-06,0.059784
2080,0.001371,1.000e-06,0.089422
2081,0.001638,1.000e-06,0.119240
2082,0.000720,1.000e-06,0.056705
2083,0.005213,1.000e-06,0.152232
2084,0.000580,1.000e-06,0.035716
2085,0.001423,1.000e-06,0.090554
2086,0.001097,1.000e-06,0.121307
2087,0.001406,1.000e-06,0.113272
2088,0.002243,1.000e-06,0.166275
2089,0.001495,1.000e-06,0.093350
2090,0.001108,1.000e-06,0.072296
2091,0.002011,1.000e-06,0.116664
2092,0.001224,1.000e-06,0.081568
2093,0.001876,1.000e-06,0.136693
2094,0.003261,1.000e-06,0.119616
2095,0.001220,1.000e-06,0.074161
2096,0.001106,1.000e-06,0.074687
2097,0.001635,1.000e-06,0.096652
2098,0.001289,1.000e-06,0.100941
2099,0.002263,1.000e-06,0.171112
2100,0.000855,1.000e-06,0.057942
2101,0.001195,1.000e-06,0.091139
2102,0.001386,1.000e-06,0.079377
2103,0.001019,1.000e-06,0.083395
2104,0.001588,1.000e-06,0.119187
2105,0.001700,1.000e-06,0.093599
2106,0.000853,1.000e-06,0.052618
2107,0.001282,1.000e-06,0.080591
2108,0.003345,1.000e-06,0.129178
2109,0.001240,1.000e-06,0.069953
2110,0.000834,1.000e-06,0.056043
2111,0.001895,1.000e-06,0.136552
2112,0.001089,1.000e-06,0.062879
2113,0.003079,1.000e-06,0.177873
2114,0.000588,1.000e-06,0.036073
2115,0.001826,1.000e-06,0.123411
2116,0.001597,1.000e-06,0.103127
2117,0.001879,1.000e-06,0.143103
2118,0.001329,1.000e-06,0.115330
2119,0.001422,1.000e-06,0.117814
2120,0.001071,1.000e-06,0.071254
2121,0.000669,1.000e-06,0.044133
2122,0.001844,1.000e-06,0.175803
2123,0.001679,1.000e-06,0.154841
2124,0.001384,1.000e-06,0.087765
2125,0.001733,1.000e-06,0.102820
2126,0.001787,1.000e-06,0.142695
2127,0.001600,1.000e-06,0.131051
2128,0.001152,1.000e-06,0.104405
2129,0.000919,1.000e-06,0.075558
2130,0.001477,1.000e-06,0.108414
2131,0.000978,1.000e-06,0.078232
2132,0.003574,1.000e-06,0.181645
2133,0.003280,1.000e-06,0.208770
2134,0.001047,1.000e-06,0.081507
2135,0.000697,1.000e-06,0.070218
2136,0.001776,1.000e-06,0.166973
2137,0.002600,1.000e-06,0.210763
2138,0.001042,1.000e-06,0.087071
2139,0.000712,1.000e-06,0.047172
2140,0.000949,1.000e-06,0.071195
2141,0.000929,1.000e-06,0.075666
2142,0.001843,1.000e-06,0.151733
2143,0.001214,1.000e-06,0.189491
2144,0.001200,1.000e-06,0.090807
2145,0.000745,1.000e-06,0.088756
2146,0.001387,1.000e-06,0.103141
2147,0.000720,1.000e-06,0.063259
2148,0.001946,1.000e-06,0.172898
2149,0.001645,1.000e-06,0.089609
2150,0.000909,1.000e-06,0.068999
2151,0.001569,1.000e-06,0.127957
2152,0.000645,1.000e-06,0.061294
2153,0.001095,1.000e-06,0.117252
2154,0.001636,1.000e-06,0.111544
2155,0.002607,1.000e-06,0.116416
2156,0.000842,1.000e-06,0.050794
2157,0.003796,1.000e-06,0.154912
2158,0.001425,1.000e-06,0.114765
2159,0.002500,1.000e-06,0.194339
2160,0.001748,1.000e-06,0.146705
2161,0.000786,1.000e-06,0.052537
2162,0.000820,1.000e-06,0.068687
2163,0.002191,1.000e-06,0.199644
2164,0.000928,1.000e-06,0.074500
2165,0.000877,1.000e-06,0.073619
2166,0.003396,1.000e-06,0.136895
2167,0.001147,1.000e-06,0.097142
2168,0.002016,1.000e-06,0.118983
2169,0.002075,1.000e-06,0.133441
2170,0.001087,1.000e-06,0.095009
2171,0.002554,1.000e-06,0.106396
2172,0.001482,1.000e-06,0.100694
2173,0.001719,1.000e-06,0.127958
2174,0.001575,1.000e-06,0.100877
2175,0.001007,1.000e-06,0.058946
2176,0.000746,1.000e-06,0.055424
2177,0.001622,1.000e-06,0.108580
2178,0.002440,1.000e-06,0.172686
2179,0.001104,1.000e-06,0.087738
2180,0.001124,1.000e-06,0.071256
2181,0.001162,1.000e-06,0.083530
2182,0.000951,1.000e-06,0.066310
2183,0.002813,1.000e-06,0.156577
2184,0.000881,1.000e-06,0.068629
2185,0.001185,1.000e-06,0.103375
2186,0.000644,1.000e-06,0.040527
2187,0.002327,1.000e-06,0.181300
2188,0.001795,1.000e-06,0.106837
2189,0.001470,1.000e-06,0.102301
2190,0.001637,1.000e-06,0.087019
2191,0.001172,1.000e-06,0.093125
2192,0.001354,1.000e-06,0.125913
2193,0.001348,1.000e-06,0.145315
2194,0.001112,1.000e-06,0.083120
2195,0.000886,1.000e-06,0.064855
2196,0.000985,1.000e-06,0.072152
2197,0.003058,1.000e-06,0.112507
2198,0.000656,1.000e-06,0.044620
2199,0.001052,1.000e-06,0.081430
2200,0.001449,1.000e-06,0.151335
2201,0.003144,1.000e-06,0.202754
2202,0.000756,1.000e-06,0.051067
2203,0.000620,1.000e-06,0.037950
2204,0.001177,1.000e-06,0.114108
2205,0.000659,1.000e-06,0.046475
2206,0.005756,1.000e-06,0.278618
2207,0.000886,1.000e-06,0.054189
2208,0.000832,1.000e-06,0.072602
2209,0.001229,1.000e-06,0.072022
2210,0.000606,1.000e-06,0.051398
2211,0.000731,1.000e-06,0.062981
2212,0.000655,1.000e-06,0.052652
2213,0.000876,1.000e-06,0.065586
2214,0.001135,1.000e-06,0.132519
2215,0.000612,1.000e-06,0.043888
2216,0.001698,1.000e-06,0.124487
2217,0.002212,1.000e-06,0.110507
2218,0.001153,1.000e-06,0.071685
2219,0.000669,1.000e-06,0.049698
2220,0.001504,1.000e-06,0.098874
2221,0.001499,1.000e-06,0.101937
2222,0.000862,1.000e-06,0.064358
2223,0.001409,1.000e-06,0.102127
2224,0.000508,1.000e-06,0.036805
2225,0.000767,1.000e-06,0.048471
2226,0.001064,1.000e-06,0.081484
2227,0.001215,1.000e-06,0.107756
2228,0.000643,1.000e-06,0.064854
2229,0.001628,1.000e-06,0.097898
2230,0.000638,1.000e-06,0.035824
2231,0.001360,1.000e-06,0.109138
2232,0.000700,1.000e-06,0.046993
2233,0.001232,1.000e-06,0.081325
2234,0.001044,1.000e-06,0.069355
2235,0.000893,1.000e-06,0.069247
2236,0.000875,1.000e-06,0.056099
2237,0.001100,1.000e-06,0.106596
2238,0.000625,1.000e-06,0.045718
2239,0.001514,1.000e-06,0.119038
2240,0.000869,1.000e-06,0.062449
2241,0.001500,1.000e-06,0.117844
2242,0.001110,1.000e-06,0.076874
2243,0.000573,1.000e-06,0.039849
2244,0.001085,1.000e-06,0.071316
2245,0.001818,1.000e-06,0.138000
2246,0.002528,1.000e-06,0.150117
2247,0.001909,1.000e-06,0.136848
2248,0.000632,1.000e-06,0.044678
2249,0.002143,1.000e-06,0.144127
2250,0.000621,1.000e-06,0.044657
2251,0.002250,1.000e-06,0.119902
2252,0.005804,1.000e-06,0.164341
2253,0.000888,1.000e-06,0.062856
2254,0.004908,1.000e-06,0.293592
2255,0.000829,1.000e-06,0.066749
2256,0.000756,1.000e-06,0.055788
2257,0.001205,1.000e-06,0.097377
2258,0.000926,1.000e-06,0.067463
2259,0.000959,1.000e-06,0.071531
2260,0.001175,1.000e-06,0.083670
2261,0.001184,1.000e-06,0.089376
2262,0.001511,1.000e-06,0.110963
2263,0.001983,1.000e-06,0.104386
2264,0.001254,1.000e-06,0.119645
2265,0.002260,1.000e-06,0.133992
2266,0.002337,1.000e-06,0.161153
2267,0.001172,1.000e-06,0.122511
2268,0.001651,1.000e-06,0.127878
2269,0.000730,1.000e-06,0.065977
2270,0.000772,1.000e-06,0.065479
2271,0.000831,1.000e-06,0.066882
2272,0.000729,1.000e-06,0.051761
2273,0.000829,1.000e-06,0.114312
2274,0.000808,1.000e-06,0.058346
2275,0.000934,1.000e-06,0.070456
2276,0.001633,1.000e-06,0.123053
2277,0.001566,1.000e-06,0.130989
2278,0.000732,1.000e-06,0.047730
2279,0.002173,1.000e-06,0.164535
2280,0.000987,1.000e-06,0.084228
2281,0.001967,1.000e-06,0.129362
2282,0.001663,1.000e-06,0.118264
2283,0.000651,1.000e-06,0.056692
2284,0.002191,1.000e-06,0.109467
2285,0.002861,1.000e-06,0.136721
2286,0.000711,1.000e-06,0.063890
2287,0.002652,1.000e-06,0.188710
2288,0.000751,1.000e-06,0.067561
2289,0.002893,1.000e-06,0.154372
2290,0.001107,1.000e-06,0.071053
2291,0.001353,1.000e-06,0.096205
2292,0.000540,1.000e-06,0.037037
2293,0.002480,1.000e-06,0.124108
2294,0.000607,1.000e-06,0.043007
2295,0.002006,1.000e-06,0.098155
2296,0.000621,1.000e-06,0.050976
2297,0.001460,1.000e-06,0.114053
2298,0.001751,1.000e-06,0.153741
2299,0.001458,1.000e-06,0.099871
2300,0.002247,1.000e-06,0.101254
2301,0.001271,1.000e-06,0.078403
2302,0.001714,1.000e-06,0.142277
2303,0.001219,1.000e-06,0.078963
2304,0.002900,1.000e-06,0.132998
2305,0.000943,1.000e-06,0.086527
2306,0.000987,1.000e-06,0.081867
2307,0.000640,1.000e-06,0.064912
2308,0.000907,1.000e-06,0.082872
2309,0.001076,1.000e-06,0.095704
2310,0.000548,1.000e-06,0.035644
2311,0.001661,1.000e-06,0.116288
2312,0.001202,1.000e-06,0.093909
2313,0.002259,1.000e-06,0.138176
2314,0.000621,1.000e-06,0.055167
2315,0.003904,1.000e-06,0.210617
2316,0.001868,1.000e-06,0.127581
2317,0.000778,1.000e-06,0.058860
2318,0.000740,1.000e-06,0.053724
2319,0.001050,1.000e-06,0.075128
2320,0.001037,1.000e-06,0.072907
2321,0.005860,1.000e-06,0.256816
2322,0.001137,1.000e-06,0.080973
2323,0.005117,1.000e-06,0.213223
2324,0.001523,1.000e-06,0.085382
2325,0.002379,1.000e-06,0.146986
2326,0.000884,1.000e-06,0.095455
2327,0.004622,1.000e-06,0.153330
2328,0.001439,1.000e-06,0.138847
2329,0.001054,1.000e-06,0.077723
2330,0.001480,1.000e-06,0.147979
2331,0.000838,1.000e-06,0.075698
2332,0.001995,1.000e-06,0.090365
2333,0.000580,1.000e-06,0.035330
2334,0.001052,1.000e-06,0.102995
2335,0.002395,1.000e-06,0.140221
2336,0.000704,1.000e-06,0.061996
2337,0.000989,1.000e-06,0.078174
2338,0.001512,1.000e-06,0.097249
2339,0.000534,1.000e-06,0.043182
2340,0.001622,1.000e-06,0.103734
2341,0.001039,1.000e-06,0.087742
2342,0.002072,1.000e-06,0.114273
2343,0.000658,1.000e-06,0.046298
2344,0.004918,1.000e-06,0.194160
2345,0.000549,1.000e-06,0.046906
2346,0.002400,1.000e-06,0.137113
2347,0.001915,1.000e-06,0.165868
2348,0.001002,1.000e-06,0.074841
2349,0.001684,1.000e-06,0.114976
2350,0.000676,1.000e-06,0.056864
2351,0.000766,1.000e-06,0.049224
2352,0.001054,1.000e-06,0.079207
2353,0.001786,1.000e-06,0.109689
2354,0.000789,1.000e-06,0.056615
2355,0.001188,1.000e-06,0.112128
2356,0.002423,1.000e-06,0.191883
2357,0.001450,1.000e-06,0.103790
2358,0.000760,1.000e-06,0.070109
2359,0.000905,1.000e-06,0.082345
2360,0.001480,1.000e-06,0.102026
2361,0.002448,1.000e-06,0.117790
2362,0.000841,1.000e-06,0.067292
2363,0.001121,1.000e-06,0.090824
2364,0.001119,1.000e-06,0.098685
2365,0.002197,1.000e-06,0.116723
2366,0.001062,1.000e-06,0.081444
2367,0.001679,1.000e-06,0.097976
2368,0.001283,1.000e-06,0.109719
2369,0.001498,1.000e-06,0.101053
2370,0.001138,1.000e-06,0.085965
2371,0.000713,1.000e-06,0.067687
2372,0.002419,1.000e-06,0.116113
2373,0.000898,1.000e-06,0.086631
2374,0.001797,1.000e-06,0.152881
2375,0.001747,1.000e-06,0.144301
2376,0.000663,1.000e-06,0.047507
2377,0.000761,1.000e-06,0.060590
2378,0.000932,1.000e-06,0.074460
2379,0.000669,1.000e-06,0.082905
2380,0.000643,1.000e-06,0.057608
2381,0.001102,1.000e-06,0.077948
2382,0.001527,1.000e-06,0.080511
2383,0.000637,1.000e-06,0.046782
2384,0.002233,1.000e-06,0.105266
2385,0.001862,1.000e-06,0.113949
2386,0.001316,1.000e-06,0.099739
2387,0.002523,1.000e-06,0.114215
2388,0.002926,1.000e-06,0.223515
2389,0.000547,1.000e-06,0.034457
2390,0.001506,1.000e-06,0.094165
2391,0.001479,1.000e-06,0.146948
2392,0.001108,1.000e-06,0.091290
2393,0.000569,1.000e-06,0.055400
2394,0.000920,1.000e-06,0.090981
2395,0.000684,1.000e-06,0.069334
2396,0.001249,1.000e-06,0.118473
2397,0.002276,1.000e-06,0.123824
2398,0.000945,1.000e-06,0.089792
2399,0.001461,1.000e-06,0.136399
2400,0.000660,1.000e-06,0.058596
2401,0.001321,1.000e-06,0.094837
2402,0.001323,1.000e-06,0.118365
2403,0.000707,1.000e-06,0.047531
2404,0.001244,1.000e-06,0.089820
2405,0.001168,1.000e-06,0.111072
2406,0.000980,1.000e-06,0.089511
2407,0.002161,1.000e-06,0.151509
2408,0.000694,1.000e-06,0.055412
2409,0.002142,1.000e-06,0.143599
2410,0.000883,1.000e-06,0.068503
2411,0.002449,1.000e-06,0.111128
2412,0.000843,1.000e-06,0.060827
2413,0.001903,1.000e-06,0.080131
2414,0.001472,1.000e-06,0.114575
2415,0.002121,1.000e-06,0.166685
2416,0.001115,1.000e-06,0.109122
2417,0.000925,1.000e-06,0.067094
2418,0.001769,1.000e-06,0.122706
2419,0.001046,1.000e-06,0.094682
2420,0.000994,1.000e-06,0.070530
2421,0.003884,1.000e-06,0.138019
2422,0.002807,1.000e-06,0.116657
2423,0.002817,1.000e-06,0.142322
2424,0.003076,1.000e-06,0.141094
2425,0.000859,1.000e-06,0.069042
2426,0.000758,1.000e-06,0.062418
2427,0.000844,1.000e-06,0.089305
2428,0.001023,1.000e-06,0.079778
2429,0.002532,1.000e-06,0.123739
2430,0.001258,1.000e-06,0.092411
2431,0.001190,1.000e-06,0.077986
2432,0.001024,1.000e-06,0.079764
2433,0.000846,1.000e-06,0.073342
2434,0.000835,1.000e-06,0.056853
2435,0.001616,1.000e-06,0.097970
2436,0.001286,1.000e-06,0.141459
2437,0.001397,1.000e-06,0.115090
2438,0.001177,1.000e-06,0.075821
2439,0.001624,1.000e-06,0.137986
2440,0.001374,1.000e-06,0.141711
2441,0.001447,1.000e-06,0.088577
2442,0.000681,1.000e-06,0.057702
2443,0.000755,1.000e-06,0.060629
2444,0.003489,1.000e-06,0.175332
2445,0.001880,1.000e-06,0.120470
2446,0.001280,1.000e-06,0.059438
2447,0.001252,1.000e-06,0.092872
2448,0.001013,1.000e-06,0.081267
2449,0.001144,1.000e-06,0.106211
2450,0.000867,1.000e-06,0.100210
2451,0.000740,1.000e-06,0.051955
2452,0.001015,1.000e-06,0.085292
2453,0.001160,1.000e-06,0.099452
2454,0.001075,1.000e-06,0.079480
2455,0.001503,1.000e-06,0.101433
2456,0.000854,1.000e-06,0.076871
2457,0.001096,1.000e-06,0.075055
2458,0.001158,1.000e-06,0.079620
2459,0.001707,1.000e-06,0.105263
2460,0.000731,1.000e-06,0.098032
2461,0.001021,1.000e-06,0.113262
2462,0.000629,1.000e-06,0.065247
2463,0.000827,1.000e-06,0.050773
2464,0.001410,1.000e-06,0.124657
2465,0.000672,1.000e-06,0.049149
2466,0.001827,1.000e-06,0.153450
2467,0.001630,1.000e-06,0.148795
2468,0.001229,1.000e-06,0.108326
2469,0.000776,1.000e-06,0.065921
2470,0.002286,1.000e-06,0.159003
2471,0.000761,1.000e-06,0.062048
2472,0.000911,1.000e-06,0.102274
2473,0.000966,1.000e-06,0.079956
2474,0.001215,1.000e-06,0.105227
2475,0.004166,1.000e-06,0.138038
2476,0.001456,1.000e-06,0.098917
2477,0.001278,1.000e-06,0.120473
2478,0.000799,1.000e-06,0.086318
2479,0.001093,1.000e-06,0.091342
2480,0.002966,1.000e-06,0.121526
2481,0.003921,1.000e-06,0.211727
2482,0.001255,1.000e-06,0.071148
2483,0.001928,1.000e-06,0.142925
2484,0.003462,1.000e-06,0.134315
2485,0.000970,1.000e-06,0.081828
2486,0.000862,1.000e-06,0.076859
2487,0.001190,1.000e-06,0.082403
2488,0.000556,1.000e-06,0.033615
2489,0.000606,1.000e-06,0.046083
2490,0.000800,1.000e-06,0.085265
2491,0.000955,1.000e-06,0.085320
2492,0.000590,1.000e-06,0.045013
2493,0.001027,1.000e-06,0.074505
2494,0.000537,1.000e-06,0.033446
2495,0.000561,1.000e-06,0.047506
2496,0.001183,1.000e-06,0.071933
2497,0.000999,1.000e-06,0.089887
2498,0.001240,1.000e-06,0.125812
2499,0.000592,1.000e-06,0.039049
2500,0.001143,1.000e-06,0.093284
2501,0.000693,1.000e-06,0.062009
2502,0.001662,1.000e-06,0.085295
2503,0.000611,1.000e-06,0.044795
2504,0.001530,1.000e-06,0.100750
2505,0.001851,1.000e-06,0.126152
2506,0.001327,1.000e-06,0.082282
2507,0.003582,1.000e-06,0.187248
2508,0.000868,1.000e-06,0.081014
2509,0.000733,1.000e-06,0.054719
2510,0.000687,1.000e-06,0.064816
2511,0.001099,1.000e-06,0.084513
2512,0.002330,1.000e-06,0.105938
2513,0.001522,1.000e-06,0.099752
2514,0.002284,1.000e-06,0.113881
2515,0.001405,1.000e-06,0.098236
2516,0.001994,1.000e-06,0.160470
2517,0.001350,1.000e-06,0.110152
2518,0.001176,1.000e-06,0.091678
2519,0.000577,1.000e-06,0.049824
2520,0.000856,1.000e-06,0.081430
2521,0.001288,1.000e-06,0.092203
2522,0.000601,1.000e-06,0.046882
2523,0.000745,1.000e-06,0.070362
2524,0.000846,1.000e-06,0.052089
2525,0.000681,1.000e-06,0.055831
2526,0.002810,1.000e-06,0.115545
2527,0.000722,1.000e-06,0.051361
2528,0.003301,1.000e-06,0.167256
2529,0.003657,1.000e-06,0.149781
2530,0.000599,1.000e-06,0.055118
2531,0.000663,1.000e-06,0.053251
2532,0.000740,1.000e-06,0.050812
2533,0.001193,1.000e-06,0.107128
2534,0.000807,1.000e-06,0.050229
2535,0.000926,1.000e-06,0.082486
2536,0.000659,1.000e-06,0.039464
2537,0.001222,1.000e-06,0.094653
2538,0.000974,1.000e-06,0.117602
2539,0.000685,1.000e-06,0.058483
2540,0.002007,1.000e-06,0.114650
2541,0.001053,1.000e-06,0.064477
2542,0.000940,1.000e-06,0.091817
2543,0.003246,1.000e-06,0.449836
2544,0.003216,1.000e-06,0.139109
2545,0.001619,1.000e-06,0.119006
2546,0.001361,1.000e-06,0.085598
2547,0.001215,1.000e-06,0.109973
2548,0.002621,1.000e-06,0.185500
2549,0.001286,1.000e-06,0.144299
2550,0.001818,1.000e-06,0.120999
2551,0.001110,1.000e-06,0.077677
2552,0.002535,1.000e-06,0.112650
2553,0.000853,1.000e-06,0.101417
2554,0.000799,1.000e-06,0.050721
2555,0.000821,1.000e-06,0.059139
2556,0.001595,1.000e-06,0.074511
2557,0.002265,1.000e-06,0.113933
2558,0.001026,1.000e-06,0.074135
2559,0.001302,1.000e-06,0.087003
2560,0.000606,1.000e-06,0.042220
2561,0.001374,1.000e-06,0.101207
2562,0.001196,1.000e-06,0.113470
2563,0.003099,1.000e-06,0.129595
2564,0.001509,1.000e-06,0.084130
2565,0.002116,1.000e-06,0.160690
2566,0.000674,1.000e-06,0.050076
2567,0.000998,1.000e-06,0.073276
2568,0.001051,1.000e-06,0.119518
2569,0.001533,1.000e-06,0.098717
2570,0.000863,1.000e-06,0.071856
2571,0.000806,1.000e-06,0.068829
2572,0.001369,1.000e-06,0.106897
2573,0.001682,1.000e-06,0.115176
2574,0.001405,1.000e-06,0.103486
2575,0.000597,1.000e-06,0.056273
2576,0.001717,1.000e-06,0.213411
2577,0.001367,1.000e-06,0.120627
2578,0.001101,1.000e-06,0.111219
2579,0.002324,1.000e-06,0.093622
2580,0.000830,1.000e-06,0.063254
2581,0.001300,1.000e-06,0.094765
2582,0.000721,1.000e-06,0.050669
2583,0.002122,1.000e-06,0.170217
2584,0.000473,1.000e-06,0.038559
2585,0.000686,1.000e-06,0.057644
2586,0.000785,1.000e-06,0.111174
2587,0.000704,1.000e-06,0.070589
2588,0.000927,1.000e-06,0.078800
2589,0.002330,1.000e-06,0.205162
2590,0.000838,1.000e-06,0.059329
2591,0.001912,1.000e-06,0.110641
2592,0.000445,1.000e-06,0.033130
2593,0.003169,1.000e-06,0.131884
2594,0.001469,1.000e-06,0.111797
2595,0.001568,1.000e-06,0.221170
2596,0.003217,1.000e-06,0.208302
2597,0.002624,1.000e-06,0.183555
2598,0.000730,1.000e-06,0.074176
2599,0.001302,1.000e-06,0.104045
2600,0.000701,1.000e-06,0.084748
2601,0.001026,1.000e-06,0.091020
2602,0.001006,1.000e-06,0.101628
2603,0.001081,1.000e-06,0.087084
2604,0.001097,1.000e-06,0.095410
2605,0.001206,1.000e-06,0.107974
2606,0.000755,1.000e-06,0.131212
2607,0.001175,1.000e-06,0.100005
2608,0.000639,1.000e-06,0.061146
2609,0.000660,1.000e-06,0.073216
2610,0.001954,1.000e-06,0.142035
2611,0.001221,1.000e-06,0.117836
2612,0.000940,1.000e-06,0.091383
2613,0.000661,1.000e-06,0.053804
2614,0.000648,1.000e-06,0.064650
2615,0.000828,1.000e-06,0.063582
2616,0.000845,1.000e-06,0.063307
2617,0.001382,1.000e-06,0.140101
2618,0.000716,1.000e-06,0.051725
2619,0.000956,1.000e-06,0.097059
2620,0.002366,1.000e-06,0.083489
2621,0.000714,1.000e-06,0.070822
2622,0.001346,1.000e-06,0.109680
2623,0.001232,1.000e-06,0.142871
2624,0.000771,1.000e-06,0.059800
2625,0.000776,1.000e-06,0.069167
2626,0.001644,1.000e-06,0.112416
2627,0.001527,1.000e-06,0.149044
2628,0.000957,1.000e-06,0.125163
2629,0.001088,1.000e-06,0.093687
2630,0.004093,1.000e-06,0.155471
2631,0.000904,1.000e-06,0.079486
2632,0.000957,1.000e-06,0.119544
2633,0.002865,1.000e-06,0.094462
2634,0.002123,1.000e-06,0.134930
2635,0.000712,1.000e-06,0.054523
2636,0.001303,1.000e-06,0.099274
2637,0.001097,1.000e-06,0.086391
2638,0.002916,1.000e-06,0.135387
2639,0.000745,1.000e-06,0.071228
2640,0.000928,1.000e-06,0.077960
2641,0.000531,1.000e-06,0.040375
2642,0.001039,1.000e-06,0.097017
2643,0.000935,1.000e-06,0.079513
2644,0.000835,1.000e-06,0.087241
2645,0.000994,1.000e-06,0.066029
2646,0.006344,1.000e-06,0.241144
2647,0.000553,1.000e-06,0.042574
2648,0.004875,1.000e-06,0.168953
2649,0.000994,1.000e-06,0.083906
2650,0.000806,1.000e-06,0.064914
2651,0.000785,1.000e-06,0.060484
2652,0.003302,1.000e-06,0.118208
2653,0.001169,1.000e-06,0.112217
2654,0.000584,1.000e-06,0.042495
2655,0.000624,1.000e-06,0.059278
2656,0.001486,1.000e-06,0.103217
2657,0.000952,1.000e-06,0.091449
2658,0.000734,1.000e-06,0.117433
2659,0.002555,1.000e-06,0.222638
2660,0.000590,1.000e-06,0.040594
2661,0.001047,1.000e-06,0.091211
2662,0.002052,1.000e-06,0.119939
2663,0.001917,1.000e-06,0.135662
2664,0.001852,1.000e-06,0.118641
2665,0.002401,1.000e-06,0.159909
2666,0.001062,1.000e-06,0.052132
2667,0.000708,1.000e-06,0.052086
2668,0.001113,1.000e-06,0.082679
2669,0.001168,1.000e-06,0.189880
2670,0.001022,1.000e-06,0.088073
2671,0.000995,1.000e-06,0.085567
2672,0.001023,1.000e-06,0.078054
2673,0.001124,1.000e-06,0.085115
2674,0.001102,1.000e-06,0.110260
2675,0.001867,1.000e-06,0.187615
2676,0.000758,1.000e-06,0.082760
2677,0.001431,1.000e-06,0.153351
2678,0.000751,1.000e-06,0.053993
2679,0.001347,1.000e-06,0.077442
2680,0.000692,1.000e-06,0.067727
2681,0.001438,1.000e-06,0.115905
2682,0.001971,1.000e-06,0.155051
2683,0.001086,1.000e-06,0.109551
2684,0.000661,1.000e-06,0.053533
2685,0.001648,1.000e-06,0.142416
2686,0.002199,1.000e-06,0.136337
2687,0.004200,1.000e-06,0.149190
2688,0.000492,1.000e-06,0.033446
2689,0.001817,1.000e-06,0.099213
2690,0.003734,1.000e-06,0.176447
2691,0.000769,1.000e-06,0.060890
2692,0.000777,1.000e-06,0.095851
2693,0.000869,1.000e-06,0.056208
2694,0.001310,1.000e-06,0.115413
2695,0.002187,1.000e-06,0.127994
2696,0.001439,1.000e-06,0.114612
2697,0.000932,1.000e-06,0.092127
2698,0.000773,1.000e-06,0.063628
2699,0.002341,1.000e-06,0.087747
2700,0.001021,1.000e-06,0.079518
2701,0.001083,1.000e-06,0.093884
2702,0.001375,1.000e-06,0.115275
2703,0.002977,1.000e-06,0.204861
2704,0.002560,1.000e-06,0.164838
2705,0.002119,1.000e-06,0.168217
2706,0.000723,1.000e-06,0.074720
2707,0.001628,1.000e-06,0.133845
2708,0.000589,1.000e-06,0.049158
2709,0.000899,1.000e-06,0.086015
2710,0.004443,1.000e-06,0.118297
2711,0.001405,1.000e-06,0.124971
2712,0.000688,1.000e-06,0.060816
2713,0.001447,1.000e-06,0.125417
2714,0.000972,1.000e-06,0.112635
2715,0.001663,1.000e-06,0.147079
2716,0.001776,1.000e-06,0.083152
2717,0.000754,1.000e-06,0.072049
2718,0.001193,1.000e-06,0.088422
2719,0.000771,1.000e-06,0.077630
2720,0.001070,1.000e-06,0.075984
2721,0.000839,1.000e-06,0.058211
2722,0.000559,1.000e-06,0.042105
2723,0.000742,1.000e-06,0.072912
2724,0.000559,1.000e-06,0.061439
2725,0.000909,1.000e-06,0.076381
2726,0.001534,1.000e-06,0.137066
2727,0.001394,1.000e-06,0.112804
2728,0.000796,1.000e-06,0.044825
2729,0.000768,1.000e-06,0.063966
2730,0.002383,1.000e-06,0.105779
2731,0.000713,1.000e-06,0.074252
2732,0.004922,1.000e-06,0.206762
2733,0.000795,1.000e-06,0.065445
2734,0.000718,1.000e-06,0.073652
2735,0.000631,1.000e-06,0.063054
2736,0.001750,1.000e-06,0.121365
2737,0.000829,1.000e-06,0.062024
2738,0.000546,1.000e-06,0.051601
2739,0.000632,1.000e-06,0.072188
2740,0.001560,1.000e-06,0.139125
2741,0.001661,1.000e-06,0.264440
2742,0.002630,1.000e-06,0.140907
2743,0.001612,1.000e-06,0.106434
2744,0.000920,1.000e-06,0.080955
2745,0.001061,1.000e-06,0.139121
2746,0.001081,1.000e-06,0.075794
2747,0.001063,1.000e-06,0.064561
2748,0.000615,1.000e-06,0.063438
2749,0.002735,1.000e-06,0.136626
2750,0.000765,1.000e-06,0.077406
2751,0.000618,1.000e-06,0.056705
2752,0.001456,1.000e-06,0.089367
2753,0.000699,1.000e-06,0.044587
2754,0.000723,1.000e-06,0.056959
2755,0.000984,1.000e-06,0.072188
2756,0.000584,1.000e-06,0.055562
2757,0.001930,1.000e-06,0.155869
2758,0.001918,1.000e-06,0.148546
2759,0.000863,1.000e-06,0.058886
2760,0.001103,1.000e-06,0.111184
2761,0.002521,1.000e-06,0.170370
2762,0.000799,1.000e-06,0.067464
2763,0.001116,1.000e-06,0.095959
2764,0.000744,1.000e-06,0.068873
2765,0.000989,1.000e-06,0.120313
2766,0.000997,1.000e-06,0.067347
2767,0.002135,1.000e-06,0.217885
2768,0.001981,1.000e-06,0.118674
2769,0.000836,1.000e-06,0.062876
2770,0.000959,1.000e-06,0.090299
2771,0.001110,1.000e-06,0.081037
2772,0.002189,1.000e-06,0.112755
2773,0.000685,1.000e-06,0.071130
2774,0.000937,1.000e-06,0.083451
2775,0.000702,1.000e-06,0.072765
2776,0.001911,1.000e-06,0.194754
2777,0.001103,1.000e-06,0.115696
2778,0.000673,1.000e-06,0.053002
2779,0.001286,1.000e-06,0.114495
2780,0.000795,1.000e-06,0.066659
2781,0.006219,1.000e-06,0.294911
2782,0.003720,1.000e-06,0.152336
2783,0.001304,1.000e-06,0.099707
2784,0.000688,1.000e-06,0.059747
2785,0.000963,1.000e-06,0.086383
2786,0.001172,1.000e-06,0.115535
2787,0.000922,1.000e-06,0.103859
2788,0.001891,1.000e-06,0.150633
2789,0.000632,1.000e-06,0.057299
2790,0.000609,1.000e-06,0.050975
2791,0.000611,1.000e-06,0.058670
2792,0.000600,1.000e-06,0.049471
2793,0.004409,1.000e-06,0.200425
2794,0.000790,1.000e-06,0.061296
2795,0.000542,1.000e-06,0.035726
2796,0.000869,1.000e-06,0.058614
2797,0.001809,1.000e-06,0.139080
2798,0.000559,1.000e-06,0.043052
2799,0.000893,1.000e-06,0.059782
2800,0.001087,1.000e-06,0.086178
2801,0.001133,1.000e-06,0.100132
2802,0.001588,1.000e-06,0.131807
2803,0.001047,1.000e-06,0.091707
2804,0.000922,1.000e-06,0.064561
2805,0.000427,1.000e-06,0.030267
2806,0.000866,1.000e-06,0.061924
2807,0.001515,1.000e-06,0.129650
2808,0.000679,1.000e-06,0.089090
2809,0.001591,1.000e-06,0.119554
2810,0.000648,1.000e-06,0.043254
2811,0.001903,1.000e-06,0.100763
2812,0.001215,1.000e-06,0.108537
2813,0.001235,1.000e-06,0.098110
2814,0.001324,1.000e-06,0.137563
2815,0.001240,1.000e-06,0.104806
2816,0.000494,1.000e-06,0.034112
2817,0.001052,1.000e-06,0.096323
2818,0.000752,1.000e-06,0.064446
2819,0.001608,1.000e-06,0.095871
2820,0.000514,1.000e-06,0.028682
2821,0.001412,1.000e-06,0.111288
2822,0.000734,1.000e-06,0.054668
2823,0.000655,1.000e-06,0.056226
2824,0.001233,1.000e-06,0.083344
2825,0.001115,1.000e-06,0.102579
2826,0.000575,1.000e-06,0.046199
2827,0.000501,1.000e-06,0.029196
2828,0.001821,1.000e-06,0.105696
2829,0.000787,1.000e-06,0.053637
2830,0.005164,1.000e-06,0.134506
2831,0.000744,1.000e-06,0.063235
2832,0.001928,1.000e-06,0.112806
2833,0.000903,1.000e-06,0.058722
2834,0.000705,1.000e-06,0.050964
2835,0.001588,1.000e-06,0.123234
2836,0.001318,1.000e-06,0.112094
2837,0.000517,1.000e-06,0.031274
2838,0.000949,1.000e-06,0.070798
2839,0.000890,1.000e-06,0.077991
2840,0.000684,1.000e-06,0.149997
2841,0.000480,1.000e-06,0.033081
2842,0.000756,1.000e-06,0.053957
2843,0.000618,1.000e-06,0.044257
2844,0.000875,1.000e-06,0.078856
2845,0.001001,1.000e-06,0.058759
2846,0.000596,1.000e-06,0.055676
2847,0.000685,1.000e-06,0.053727
2848,0.000795,1.000e-06,0.064406
2849,0.003523,1.000e-06,0.140898
2850,0.000726,1.000e-06,0.078787
2851,0.001547,1.000e-06,0.083763
2852,0.000921,1.000e-06,0.065235
2853,0.000648,1.000e-06,0.048671
2854,0.000522,1.000e-06,0.039283
2855,0.000519,1.000e-06,0.038661
2856,0.000753,1.000e-06,0.063923
2857,0.000922,1.000e-06,0.074760
2858,0.000848,1.000e-06,0.057304
2859,0.001055,1.000e-06,0.141385
2860,0.001991,1.000e-06,0.105463
2861,0.000861,1.000e-06,0.076503
2862,0.002547,1.000e-06,0.126252
2863,0.000619,1.000e-06,0.050675
2864,0.002279,1.000e-06,0.169029
2865,0.001184,1.000e-06,0.093115
2866,0.000921,1.000e-06,0.076469
2867,0.000614,1.000e-06,0.058260
2868,0.000856,1.000e-06,0.089000
2869,0.000506,1.000e-06,0.032608
2870,0.002392,1.000e-06,0.157942
2871,0.000656,1.000e-06,0.080735
2872,0.001592,1.000e-06,0.113737
2873,0.000583,1.000e-06,0.064512
2874,0.000988,1.000e-06,0.098210
2875,0.001750,1.000e-06,0.095603
2876,0.001123,1.000e-06,0.088300
2877,0.000418,1.000e-06,0.027906
2878,0.000517,1.000e-06,0.034624
2879,0.000723,1.000e-06,0.059797
2880,0.000515,1.000e-06,0.050589
2881,0.000679,1.000e-06,0.061669
2882,0.001212,1.000e-06,0.096440
2883,0.002604,1.000e-06,0.138133
2884,0.000921,1.000e-06,0.079722
2885,0.003225,1.000e-06,0.206872
2886,0.001066,1.000e-06,0.093455
2887,0.000584,1.000e-06,0.069602
2888,0.000522,1.000e-06,0.041514
2889,0.000538,1.000e-06,0.041769
2890,0.000951,1.000e-06,0.080960
2891,0.003538,1.000e-06,0.104389
2892,0.002676,1.000e-06,0.128527
2893,0.001129,1.000e-06,0.105844
2894,0.001103,1.000e-06,0.079677
2895,0.000803,1.000e-06,0.077255
2896,0.000887,1.000e-06,0.074567
2897,0.001257,1.000e-06,0.112287
2898,0.000593,1.000e-06,0.053962
2899,0.000776,1.000e-06,0.054560
2900,0.000811,1.000e-06,0.066620
2901,0.000586,1.000e-06,0.046108
2902,0.001401,1.000e-06,0.114477
2903,0.000720,1.000e-06,0.047228
2904,0.001163,1.000e-06,0.099445
2905,0.001918,1.000e-06,0.112441
2906,0.000725,1.000e-06,0.069759
2907,0.000875,1.000e-06,0.062620
2908,0.002078,1.000e-06,0.115026
2909,0.001866,1.000e-06,0.138304
2910,0.001614,1.000e-06,0.135257
2911,0.000882,1.000e-06,0.082416
2912,0.000870,1.000e-06,0.064725
2913,0.000765,1.000e-06,0.058319
2914,0.001271,1.000e-06,0.134609
2915,0.001034,1.000e-06,0.076388
2916,0.001125,1.000e-06,0.090729
2917,0.002163,1.000e-06,0.127711
2918,0.000445,1.000e-06,0.038849
2919,0.001787,1.000e-06,0.109798
2920,0.000657,1.000e-06,0.045270
2921,0.000531,1.000e-06,0.034111
2922,0.001006,1.000e-06,0.075771
2923,0.000598,1.000e-06,0.038971
2924,0.000750,1.000e-06,0.070593
2925,0.002605,1.000e-06,0.139905
2926,0.000543,1.000e-06,0.036871
2927,0.000577,1.000e-06,0.047127
2928,0.000622,1.000e-06,0.059658
2929,0.001132,1.000e-06,0.088020
2930,0.000592,1.000e-06,0.047813
2931,0.001030,1.000e-06,0.082669
2932,0.000650,1.000e-06,0.052591
2933,0.000845,1.000e-06,0.070136
2934,0.001102,1.000e-06,0.092864
2935,0.002044,1.000e-06,0.115440
2936,0.000907,1.000e-06,0.067686
2937,0.001875,1.000e-06,0.136792
2938,0.001229,1.000e-06,0.095665
2939,0.000995,1.000e-06,0.084238
2940,0.000455,1.000e-06,0.034080
2941,0.004775,1.000e-06,0.196211
2942,0.002347,1.000e-06,0.124609
2943,0.001853,1.000e-06,0.112674
2944,0.001648,1.000e-06,0.112284
2945,0.000983,1.000e-06,0.090742
2946,0.001298,1.000e-06,0.129104
2947,0.000882,1.000e-06,0.151676
2948,0.000485,1.000e-06,0.040379
2949,0.000698,1.000e-06,0.069246
2950,0.000695,1.000e-06,0.068599
2951,0.003371,1.000e-06,0.145319
2952,0.001212,1.000e-06,0.286148
2953,0.001759,1.000e-06,0.087477
2954,0.000611,1.000e-06,0.061546
2955,0.001006,1.000e-06,0.124472
2956,0.000865,1.000e-06,0.068460
2957,0.000821,1.000e-06,0.077056
2958,0.001259,1.000e-06,0.126322
2959,0.000724,1.000e-06,0.063831
2960,0.002503,1.000e-06,0.135374
2961,0.001735,1.000e-06,0.115678
2962,0.001331,1.000e-06,0.106782
2963,0.002250,1.000e-06,0.162433
2964,0.000827,1.000e-06,0.072215
2965,0.001056,1.000e-06,0.098814
2966,0.000899,1.000e-06,0.109255
2967,0.000477,1.000e-06,0.041615
2968,0.000721,1.000e-06,0.054964
2969,0.001021,1.000e-06,0.094504
2970,0.000805,1.000e-06,0.063711
2971,0.001438,1.000e-06,0.123417
2972,0.001522,1.000e-06,0.134391
2973,0.000948,1.000e-06,0.079446
2974,0.000825,1.000e-06,0.051994
2975,0.001846,1.000e-06,0.136683
2976,0.001603,1.000e-06,0.096951
2977,0.001239,1.000e-06,0.181704
2978,0.000492,1.000e-06,0.038564
2979,0.001177,1.000e-06,0.099519
2980,0.001565,1.000e-06,0.140622
2981,0.000713,1.000e-06,0.053512
2982,0.003110,1.000e-06,0.185227
2983,0.000801,1.000e-06,0.065145
2984,0.000981,1.000e-06,0.085401
2985,0.001233,1.000e-06,0.113129
2986,0.000750,1.000e-06,0.071202
2987,0.000793,1.000e-06,0.074380
2988,0.000901,1.000e-06,0.090500
2989,0.001358,1.000e-06,0.096537
2990,0.001398,1.000e-06,0.080760
2991,0.000920,1.000e-06,0.075465
2992,0.000789,1.000e-06,0.107192
2993,0.001208,1.000e-06,0.115474
2994,0.000909,1.000e-06,0.074569
2995,0.000821,1.000e-06,0.075620
2996,0.002212,1.000e-06,0.125749
2997,0.004399,1.000e-06,0.201532
2998,0.002041,1.000e-06,0.081364
2999,0.000715,1.000e-06,0.054368
3000,0.000799,1.000e-06,0.110674
3001,0.001063,1.000e-06,0.098566
3002,0.001113,1.000e-06,0.091673
3003,0.000812,1.000e-06,0.064472
3004,0.000717,1.000e-06,0.062575
3005,0.002639,1.000e-06,0.116275
3006,0.001407,1.000e-06,0.095722
3007,0.003052,1.000e-06,0.121766
3008,0.001291,1.000e-06,0.094501
3009,0.001052,1.000e-06,0.112520
3010,0.000779,1.000e-06,0.062310
3011,0.000517,1.000e-06,0.033844
3012,0.002439,1.000e-06,0.137460
3013,0.000714,1.000e-06,0.059739
3014,0.002626,1.000e-06,0.146141
3015,0.000475,1.000e-06,0.039945
3016,0.000681,1.000e-06,0.057463
3017,0.000493,1.000e-06,0.036761
3018,0.000711,1.000e-06,0.068677
3019,0.001429,1.000e-06,0.114592
3020,0.000770,1.000e-06,0.059790
3021,0.001680,1.000e-06,0.119639
3022,0.000781,1.000e-06,0.069395
3023,0.000480,1.000e-06,0.035160
3024,0.000975,1.000e-06,0.151905
3025,0.001214,1.000e-06,0.131822
3026,0.001223,1.000e-06,0.107110
3027,0.000577,1.000e-06,0.044519
3028,0.001258,1.000e-06,0.117424
3029,0.000533,1.000e-06,0.045373
3030,0.001038,1.000e-06,0.079858
3031,0.000985,1.000e-06,0.083846
3032,0.000600,1.000e-06,0.047205
3033,0.001097,1.000e-06,0.070941
3034,0.001027,1.000e-06,0.068851
3035,0.000583,1.000e-06,0.031941
3036,0.000518,1.000e-06,0.039855
3037,0.000627,1.000e-06,0.053652
3038,0.000555,1.000e-06,0.047680
3039,0.002261,1.000e-06,0.132457
3040,0.000926,1.000e-06,0.088713
3041,0.000697,1.000e-06,0.060751
3042,0.000519,1.000e-06,0.051806
3043,0.004662,1.000e-06,0.233376
3044,0.000965,1.000e-06,0.094042
3045,0.001083,1.000e-06,0.089164
3046,0.003144,1.000e-06,0.138015
3047,0.000573,1.000e-06,0.060843
3048,0.000962,1.000e-06,0.126735
3049,0.000780,1.000e-06,0.086394
3050,0.000570,1.000e-06,0.036576
3051,0.004387,1.000e-06,0.208775
3052,0.001351,1.000e-06,0.120857
3053,0.000625,1.000e-06,0.053401
3054,0.000766,1.000e-06,0.056836
3055,0.001219,1.000e-06,0.091005
3056,0.000728,1.000e-06,0.064546
3057,0.001424,1.000e-06,0.146510
3058,0.003986,1.000e-06,0.129940
3059,0.000913,1.000e-06,0.186826
3060,0.000547,1.000e-06,0.033988
3061,0.001682,1.000e-06,0.150256
3062,0.001180,1.000e-06,0.111679
3063,0.000611,1.000e-06,0.051012
3064,0.001481,1.000e-06,0.110031
3065,0.001126,1.000e-06,0.072257
3066,0.001184,1.000e-06,0.077261
3067,0.001485,1.000e-06,0.138111
3068,0.000587,1.000e-06,0.039885
3069,0.003071,1.000e-06,0.202397
3070,0.000829,1.000e-06,0.077340
3071,0.001582,1.000e-06,0.106321
3072,0.000544,1.000e-06,0.042909
3073,0.001783,1.000e-06,0.146584
3074,0.000508,1.000e-06,0.058473
3075,0.000516,1.000e-06,0.049377
3076,0.001051,1.000e-06,0.078013
3077,0.000662,1.000e-06,0.059689
3078,0.000754,1.000e-06,0.051201
3079,0.000710,1.000e-06,0.048855
3080,0.000778,1.000e-06,0.069323
3081,0.000775,1.000e-06,0.078063
3082,0.001421,1.000e-06,0.121529
3083,0.000748,1.000e-06,0.056060
3084,0.001114,1.000e-06,0.127196
3085,0.001180,1.000e-06,0.104082
3086,0.000438,1.000e-06,0.042956
3087,0.000801,1.000e-06,0.075223
3088,0.000736,1.000e-06,0.063606
3089,0.000779,1.000e-06,0.061383
3090,0.000627,1.000e-06,0.070475
3091,0.001813,1.000e-06,0.136513
3092,0.003710,1.000e-06,0.280578
3093,0.001535,1.000e-06,0.132554
3094,0.001411,1.000e-06,0.106390
3095,0.000540,1.000e-06,0.043473
3096,0.001718,1.000e-06,0.194863
3097,0.000593,1.000e-06,0.051572
3098,0.001756,1.000e-06,0.098874
3099,0.000864,1.000e-06,0.070945
3100,0.000611,1.000e-06,0.049220
3101,0.001251,1.000e-06,0.088163
3102,0.001155,1.000e-06,0.113718
3103,0.001378,1.000e-06,0.101756
3104,0.000487,1.000e-06,0.035289
3105,0.000713,1.000e-06,0.049956
3106,0.000819,1.000e-06,0.064862
3107,0.000767,1.000e-06,0.055452
3108,0.000652,1.000e-06,0.050723
3109,0.004017,1.000e-06,0.284386
3110,0.001312,1.000e-06,0.106104
3111,0.002927,1.000e-06,0.287371
3112,0.001733,1.000e-06,0.138560
3113,0.000898,1.000e-06,0.090009
3114,0.000972,1.000e-06,0.071083
3115,0.002748,1.000e-06,0.147965
3116,0.000812,1.000e-06,0.073409
3117,0.002572,1.000e-06,0.164078
3118,0.000669,1.000e-06,0.048706
3119,0.000638,1.000e-06,0.057981
3120,0.002230,1.000e-06,0.158289
3121,0.000523,1.000e-06,0.050555
3122,0.000816,1.000e-06,0.070020
3123,0.000851,1.000e-06,0.070214
3124,0.001330,1.000e-06,0.135525
3125,0.000925,1.000e-06,0.060038
3126,0.002809,1.000e-06,0.250301
3127,0.001378,1.000e-06,0.116681
3128,0.000587,1.000e-06,0.052354
3129,0.000534,1.000e-06,0.057869
3130,0.001141,1.000e-06,0.103781
3131,0.000488,1.000e-06,0.035738
3132,0.000623,1.000e-06,0.048478
3133,0.001788,1.000e-06,0.122364
3134,0.001456,1.000e-06,0.125226
3135,0.000649,1.000e-06,0.052750
3136,0.000639,1.000e-06,0.058029
3137,0.000776,1.000e-06,0.090291
3138,0.001033,1.000e-06,0.086380
3139,0.000964,1.000e-06,0.078128
3140,0.000820,1.000e-06,0.061833
3141,0.000629,1.000e-06,0.052340
3142,0.001269,1.000e-06,0.126353
3143,0.000683,1.000e-06,0.056491
3144,0.000551,1.000e-06,0.043883
3145,0.002272,1.000e-06,0.142912
3146,0.000419,1.000e-06,0.024128
3147,0.000733,1.000e-06,0.084431
3148,0.001729,1.000e-06,0.148172
3149,0.001225,1.000e-06,0.095522
3150,0.000696,1.000e-06,0.051868
3151,0.000830,1.000e-06,0.084987
3152,0.001091,1.000e-06,0.133769
3153,0.004404,1.000e-06,0.193829
3154,0.002083,1.000e-06,0.130062
3155,0.000869,1.000e-06,0.080408
3156,0.000455,1.000e-06,0.034214
3157,0.000606,1.000e-06,0.045712
3158,0.000756,1.000e-06,0.068239
3159,0.000831,1.000e-06,0.070662
3160,0.000498,1.000e-06,0.038809
3161,0.002067,1.000e-06,0.116483
3162,0.001750,1.000e-06,0.084708
3163,0.000474,1.000e-06,0.043761
3164,0.001070,1.000e-06,0.087173
3165,0.000665,1.000e-06,0.050939
3166,0.000821,1.000e-06,0.066558
3167,0.001922,1.000e-06,0.156410
3168,0.000976,1.000e-06,0.065523
3169,0.001325,1.000e-06,0.132067
3170,0.000529,1.000e-06,0.050324
3171,0.002244,1.000e-06,0.129196
3172,0.000545,1.000e-06,0.038020
3173,0.004105,1.000e-06,0.149930
3174,0.000632,1.000e-06,0.050359
3175,0.002714,1.000e-06,0.145584
3176,0.001524,1.000e-06,0.171262
3177,0.000706,1.000e-06,0.082967
3178,0.000596,1.000e-06,0.049183
3179,0.000789,1.000e-06,0.072285
3180,0.000515,1.000e-06,0.056309
3181,0.001267,1.000e-06,0.127041
3182,0.000485,1.000e-06,0.054267
3183,0.000628,1.000e-06,0.059721
3184,0.000543,1.000e-06,0.055747
3185,0.000521,1.000e-06,0.039216
3186,0.000453,1.000e-06,0.037545
3187,0.000869,1.000e-06,0.087572
3188,0.000890,1.000e-06,0.108784
3189,0.001517,1.000e-06,0.119673
3190,0.000621,1.000e-06,0.062371
3191,0.000830,1.000e-06,0.061550
3192,0.000836,1.000e-06,0.063309
3193,0.003710,1.000e-06,0.145436
3194,0.000569,1.000e-06,0.067386
3195,0.000731,1.000e-06,0.053720
3196,0.000993,1.000e-06,0.094611
3197,0.001489,1.000e-06,0.104349
3198,0.000520,1.000e-06,0.044620
3199,0.000541,1.000e-06,0.045871
3200,0.000696,1.000e-06,0.048878
3201,0.000538,1.000e-06,0.046099
3202,0.001356,1.000e-06,0.123128
3203,0.000697,1.000e-06,0.071271
3204,0.001095,1.000e-06,0.100974
3205,0.000437,1.000e-06,0.046104
3206,0.002158,1.000e-06,0.127687
3207,0.000457,1.000e-06,0.042296
3208,0.001235,1.000e-06,0.107056
3209,0.000730,1.000e-06,0.098146
3210,0.000705,1.000e-06,0.066026
3211,0.000541,1.000e-06,0.046274
3212,0.004197,1.000e-06,0.213256
3213,0.000431,1.000e-06,0.033447
3214,0.000974,1.000e-06,0.092039
3215,0.001146,1.000e-06,0.076389
3216,0.000527,1.000e-06,0.040231
3217,0.000744,1.000e-06,0.085351
3218,0.000600,1.000e-06,0.055750
3219,0.002010,1.000e-06,0.100502
3220,0.000747,1.000e-06,0.071710
3221,0.000813,1.000e-06,0.051872
3222,0.000729,1.000e-06,0.070465
3223,0.003454,1.000e-06,0.148844
3224,0.002151,1.000e-06,0.112518
3225,0.000867,1.000e-06,0.077959
3226,0.000517,1.000e-06,0.053404
3227,0.002333,1.000e-06,0.114303
3228,0.001319,1.000e-06,0.099411
3229,0.000481,1.000e-06,0.027490
3230,0.004557,1.000e-06,0.141975
3231,0.001475,1.000e-06,0.131657
3232,0.000503,1.000e-06,0.045849
3233,0.001067,1.000e-06,0.074109
3234,0.000829,1.000e-06,0.076440
3235,0.001553,1.000e-06,0.100795
3236,0.000605,1.000e-06,0.040829
3237,0.000855,1.000e-06,0.073632
3238,0.003330,1.000e-06,0.135749
3239,0.001122,1.000e-06,0.109090
3240,0.000684,1.000e-06,0.051406
3241,0.001014,1.000e-06,0.095967
3242,0.002203,1.000e-06,0.159442
3243,0.001145,1.000e-06,0.082759
3244,0.000491,1.000e-06,0.074867
3245,0.000475,1.000e-06,0.035140
3246,0.001238,1.000e-06,0.105699
3247,0.000641,1.000e-06,0.051321
3248,0.000824,1.000e-06,0.055416
3249,0.000428,1.000e-06,0.044726
3250,0.001103,1.000e-06,0.106264
3251,0.000481,1.000e-06,0.065455
3252,0.000536,1.000e-06,0.045437
3253,0.000738,1.000e-06,0.062161
3254,0.001824,1.000e-06,0.102691
3255,0.000483,1.000e-06,0.050675
3256,0.000819,1.000e-06,0.073705
3257,0.000726,1.000e-06,0.069095
3258,0.001677,1.000e-06,0.123358
3259,0.002071,1.000e-06,0.120328
3260,0.000623,1.000e-06,0.063631
3261,0.000660,1.000e-06,0.062384
3262,0.000509,1.000e-06,0.059568
3263,0.000781,1.000e-06,0.079749
3264,0.000759,1.000e-06,0.085345
3265,0.000576,1.000e-06,0.047764
3266,0.000562,1.000e-06,0.055605
3267,0.001297,1.000e-06,0.088591
3268,0.001864,1.000e-06,0.158265
3269,0.002267,1.000e-06,0.114128
3270,0.000397,1.000e-06,0.020871
3271,0.001527,1.000e-06,0.119243
3272,0.001303,1.000e-06,0.172218
3273,0.000700,1.000e-06,0.059060
3274,0.000579,1.000e-06,0.042272
3275,0.000381,1.000e-06,0.027435
3276,0.000352,1.000e-06,0.025563
3277,0.000540,1.000e-06,0.039388
3278,0.000575,1.000e-06,0.050257
3279,0.003684,1.000e-06,0.189279
3280,0.001124,1.000e-06,0.083109
3281,0.000701,1.000e-06,0.052958
3282,0.000806,1.000e-06,0.052579
3283,0.002386,1.000e-06,0.112090
3284,0.002938,1.000e-06,0.121284
3285,0.001903,1.000e-06,0.139303
3286,0.000665,1.000e-06,0.050936
3287,0.001323,1.000e-06,0.080318
3288,0.001345,1.000e-06,0.094106
3289,0.000571,1.000e-06,0.052276
3290,0.000812,1.000e-06,0.091544
3291,0.000867,1.000e-06,0.123032
3292,0.001115,1.000e-06,0.120024
3293,0.001418,1.000e-06,0.112321
3294,0.000620,1.000e-06,0.052942
3295,0.000668,1.000e-06,0.049614
3296,0.001065,1.000e-06,0.123851
3297,0.001839,1.000e-06,0.168201
3298,0.001287,1.000e-06,0.110005
3299,0.001416,1.000e-06,0.090863
3300,0.002290,1.000e-06,0.124316
3301,0.000701,1.000e-06,0.079912
3302,0.000679,1.000e-06,0.057991
3303,0.002001,1.000e-06,0.198548
3304,0.000943,1.000e-06,0.083022
3305,0.001193,1.000e-06,0.093265
3306,0.002594,1.000e-06,0.159257
3307,0.000579,1.000e-06,0.068677
3308,0.001930,1.000e-06,0.133653
3309,0.000732,1.000e-06,0.068570
3310,0.000672,1.000e-06,0.064805
3311,0.001152,1.000e-06,0.118157
3312,0.000843,1.000e-06,0.071780
3313,0.001481,1.000e-06,0.147192
3314,0.001012,1.000e-06,0.084015
3315,0.001690,1.000e-06,0.137995
3316,0.002604,1.000e-06,0.146889
3317,0.000870,1.000e-06,0.075364
3318,0.000618,1.000e-06,0.074812
3319,0.000440,1.000e-06,0.034323
3320,0.001393,1.000e-06,0.106090
3321,0.000684,1.000e-06,0.044355
3322,0.000486,1.000e-06,0.037384
3323,0.000559,1.000e-06,0.050340
3324,0.001013,1.000e-06,0.072106
3325,0.001418,1.000e-06,0.118087
3326,0.002956,1.000e-06,0.119360
3327,0.000510,1.000e-06,0.051760
3328,0.000770,1.000e-06,0.114819
3329,0.000453,1.000e-06,0.038984
3330,0.000951,1.000e-06,0.077986
3331,0.002489,1.000e-06,0.140672
3332,0.000573,1.000e-06,0.047923
3333,0.001491,1.000e-06,0.126934
3334,0.000787,1.000e-06,0.067680
3335,0.002100,1.000e-06,0.093808
3336,0.000538,1.000e-06,0.046550
3337,0.000669,1.000e-06,0.053734
3338,0.001941,1.000e-06,0.171798
3339,0.001188,1.000e-06,0.093500
3340,0.001547,1.000e-06,0.121244
3341,0.000631,1.000e-06,0.069648
3342,0.001015,1.000e-06,0.090087
3343,0.000554,1.000e-06,0.045848
3344,0.000537,1.000e-06,0.057617
3345,0.000855,1.000e-06,0.078760
3346,0.000694,1.000e-06,0.075968
3347,0.001563,1.000e-06,0.098223
3348,0.000572,1.000e-06,0.046667
3349,0.001540,1.000e-06,0.142204
3350,0.000429,1.000e-06,0.034997
3351,0.001031,1.000e-06,0.113922
3352,0.001917,1.000e-06,0.145948
3353,0.000851,1.000e-06,0.066432
3354,0.000503,1.000e-06,0.041987
3355,0.000779,1.000e-06,0.080713
3356,0.000532,1.000e-06,0.039001
3357,0.001184,1.000e-06,0.136243
3358,0.002084,1.000e-06,0.183926
3359,0.000621,1.000e-06,0.039171
3360,0.000862,1.000e-06,0.073640
3361,0.000683,1.000e-06,0.050589
3362,0.001042,1.000e-06,0.145233
3363,0.001194,1.000e-06,0.113076
3364,0.000998,1.000e-06,0.106148
3365,0.000569,1.000e-06,0.056403
3366,0.000910,1.000e-06,0.085209
3367,0.000496,1.000e-06,0.043434
3368,0.000854,1.000e-06,0.072461
3369,0.000810,1.000e-06,0.075372
3370,0.001522,1.000e-06,0.175000
3371,0.000655,1.000e-06,0.046804
3372,0.000602,1.000e-06,0.050753
3373,0.005060,1.000e-06,0.165644
3374,0.003069,1.000e-06,0.235276
3375,0.001441,1.000e-06,0.120975
3376,0.002407,1.000e-06,0.192648
3377,0.000768,1.000e-06,0.052564
3378,0.000429,1.000e-06,0.035225
3379,0.001152,1.000e-06,0.123831
3380,0.000866,1.000e-06,0.081716
3381,0.001378,1.000e-06,0.124217
3382,0.000353,1.000e-06,0.024810
3383,0.000574,1.000e-06,0.038699
3384,0.000860,1.000e-06,0.136577
3385,0.000534,1.000e-06,0.040612
3386,0.003330,1.000e-06,0.127244
3387,0.001198,1.000e-06,0.103979
3388,0.000557,1.000e-06,0.038749
3389,0.000597,1.000e-06,0.050390
3390,0.000624,1.000e-06,0.060358
3391,0.004963,1.000e-06,0.217794
3392,0.000678,1.000e-06,0.123597
3393,0.000691,1.000e-06,0.066454
3394,0.000668,1.000e-06,0.056225
3395,0.001136,1.000e-06,0.088940
3396,0.001018,1.000e-06,0.130482
3397,0.000585,1.000e-06,0.047704
3398,0.000442,1.000e-06,0.028854
3399,0.001092,1.000e-06,0.073973
3400,0.000503,1.000e-06,0.053184
3401,0.002034,1.000e-06,0.143226
3402,0.000751,1.000e-06,0.052762
3403,0.000448,1.000e-06,0.032693
3404,0.000804,1.000e-06,0.076808
3405,0.000628,1.000e-06,0.048002
3406,0.000580,1.000e-06,0.039292
3407,0.001131,1.000e-06,0.085072
3408,0.001093,1.000e-06,0.095529
3409,0.001104,1.000e-06,0.091497
3410,0.004616,1.000e-06,0.120565
3411,0.000627,1.000e-06,0.062334
3412,0.000845,1.000e-06,0.088338
3413,0.000479,1.000e-06,0.038639
3414,0.000520,1.000e-06,0.045454
3415,0.000700,1.000e-06,0.094368
3416,0.003335,1.000e-06,0.107886
3417,0.001838,1.000e-06,0.108796
3418,0.000609,1.000e-06,0.057855
3419,0.000967,1.000e-06,0.078775
3420,0.001751,1.000e-06,0.165672
3421,0.000470,1.000e-06,0.039553
3422,0.000847,1.000e-06,0.086358
3423,0.000555,1.000e-06,0.042541
3424,0.000561,1.000e-06,0.051542
3425,0.000447,1.000e-06,0.032697
3426,0.000606,1.000e-06,0.071733
3427,0.000784,1.000e-06,0.060565
3428,0.000974,1.000e-06,0.078043
3429,0.000541,1.000e-06,0.045069
3430,0.000491,1.000e-06,0.048963
3431,0.001151,1.000e-06,0.068404
3432,0.001229,1.000e-06,0.145547
3433,0.000673,1.000e-06,0.059200
3434,0.001651,1.000e-06,0.148627
3435,0.001994,1.000e-06,0.116256
3436,0.001117,1.000e-06,0.094234
3437,0.002407,1.000e-06,0.134538
3438,0.001312,1.000e-06,0.095833
3439,0.000655,1.000e-06,0.063652
3440,0.000510,1.000e-06,0.047978
3441,0.000806,1.000e-06,0.060705
3442,0.000386,1.000e-06,0.027321
3443,0.000677,1.000e-06,0.055426
3444,0.001537,1.000e-06,0.108387
3445,0.000788,1.000e-06,0.070869
3446,0.000448,1.000e-06,0.036335
3447,0.000704,1.000e-06,0.079737
3448,0.000522,1.000e-06,0.047233
3449,0.000513,1.000e-06,0.038442
3450,0.000789,1.000e-06,0.059802
3451,0.000551,1.000e-06,0.043233
3452,0.000708,1.000e-06,0.074773
3453,0.001886,1.000e-06,0.135202
3454,0.000583,1.000e-06,0.048234
3455,0.001793,1.000e-06,0.112848
3456,0.000875,1.000e-06,0.066804
3457,0.001192,1.000e-06,0.082344
3458,0.000588,1.000e-06,0.052869
3459,0.000578,1.000e-06,0.042016
3460,0.000591,1.000e-06,0.051358
3461,0.000430,1.000e-06,0.038164
3462,0.000540,1.000e-06,0.041025
3463,0.000798,1.000e-06,0.081714
3464,0.001117,1.000e-06,0.073814
3465,0.000475,1.000e-06,0.042659
3466,0.000614,1.000e-06,0.051951
3467,0.000489,1.000e-06,0.034197
3468,0.000435,1.000e-06,0.036204
3469,0.000369,1.000e-06,0.028594
3470,0.001843,1.000e-06,0.074447
3471,0.001032,1.000e-06,0.134519
3472,0.001782,1.000e-06,0.153585
3473,0.000708,1.000e-06,0.076721
3474,0.000611,1.000e-06,0.093694
3475,0.001057,1.000e-06,0.104640
3476,0.000744,1.000e-06,0.113074
3477,0.000649,1.000e-06,0.085982
3478,0.000629,1.000e-06,0.044406
3479,0.001010,1.000e-06,0.094456
3480,0.000946,1.000e-06,0.129480
3481,0.001352,1.000e-06,0.103622
3482,0.001585,1.000e-06,0.157371
3483,0.000470,1.000e-06,0.044753
3484,0.001395,1.000e-06,0.159262
3485,0.000664,1.000e-06,0.074446
3486,0.000920,1.000e-06,0.095482
3487,0.000785,1.000e-06,0.138501
3488,0.000626,1.000e-06,0.058595
3489,0.000666,1.000e-06,0.051921
3490,0.001214,1.000e-06,0.111887
3491,0.000697,1.000e-06,0.060556
3492,0.000460,1.000e-06,0.058376
3493,0.000712,1.000e-06,0.053599
3494,0.002506,1.000e-06,0.296541
3495,0.002900,1.000e-06,0.167672
3496,0.000582,1.000e-06,0.052990
3497,0.001285,1.000e-06,0.109104
3498,0.000393,1.000e-06,0.032868
3499,0.000570,1.000e-06,0.049230
3500,0.000461,1.000e-06,0.047339
3501,0.001168,1.000e-06,0.117123
3502,0.001551,1.000e-06,0.146194
3503,0.000704,1.000e-06,0.056594
3504,0.000703,1.000e-06,0.074194
3505,0.000811,1.000e-06,0.069977
3506,0.000877,1.000e-06,0.109086
3507,0.000857,1.000e-06,0.088789
3508,0.001125,1.000e-06,0.115987
3509,0.000650,1.000e-06,0.051425
3510,0.000768,1.000e-06,0.064573
3511,0.001628,1.000e-06,0.117929
3512,0.001400,1.000e-06,0.128481
3513,0.001458,1.000e-06,0.138793
3514,0.000965,1.000e-06,0.107346
3515,0.004727,1.000e-06,0.161951
3516,0.000607,1.000e-06,0.047607
3517,0.000488,1.000e-06,0.048285
3518,0.001319,1.000e-06,0.140672
3519,0.000631,1.000e-06,0.062401
3520,0.003928,1.000e-06,0.193639
3521,0.000738,1.000e-06,0.076344
3522,0.000959,1.000e-06,0.091007
3523,0.000605,1.000e-06,0.059025
3524,0.000900,1.000e-06,0.099817
3525,0.000630,1.000e-06,0.072374
3526,0.000842,1.000e-06,0.106322
3527,0.001078,1.000e-06,0.082612
3528,0.001770,1.000e-06,0.108794
3529,0.001022,1.000e-06,0.069158
3530,0.000874,1.000e-06,0.066139
3531,0.000467,1.000e-06,0.052802
3532,0.001569,1.000e-06,0.155326
3533,0.001269,1.000e-06,0.113500
3534,0.000688,1.000e-06,0.143140
3535,0.000760,1.000e-06,0.062155
3536,0.000496,1.000e-06,0.038279
3537,0.000420,1.000e-06,0.030051
3538,0.000611,1.000e-06,0.066972
3539,0.001029,1.000e-06,0.139833
3540,0.001209,1.000e-06,0.095384
3541,0.001027,1.000e-06,0.068664
3542,0.000915,1.000e-06,0.104505
3543,0.000539,1.000e-06,0.049146
3544,0.001442,1.000e-06,0.129359
3545,0.000501,1.000e-06,0.045310
3546,0.001048,1.000e-06,0.062705
3547,0.000789,1.000e-06,0.070035
3548,0.000517,1.000e-06,0.034776
3549,0.000719,1.000e-06,0.074032
3550,0.000645,1.000e-06,0.071624
3551,0.000507,1.000e-06,0.047827
3552,0.000729,1.000e-06,0.150891
3553,0.000908,1.000e-06,0.198208
3554,0.002157,1.000e-06,0.163726
3555,0.000753,1.000e-06,0.093663
3556,0.001107,1.000e-06,0.089909
3557,0.002023,1.000e-06,0.204639
3558,0.000737,1.000e-06,0.183774
3559,0.000703,1.000e-06,0.067033
3560,0.000859,1.000e-06,0.096281
3561,0.001342,1.000e-06,0.278245
3562,0.000537,1.000e-06,0.064080
3563,0.000547,1.000e-06,0.042181
3564,0.000963,1.000e-06,0.083942
3565,0.001019,1.000e-06,0.071171
3566,0.001828,1.000e-06,0.180229
3567,0.001366,1.000e-06,0.115671
3568,0.000645,1.000e-06,0.041306
3569,0.001479,1.000e-06,0.091396
3570,0.001054,1.000e-06,0.107528
3571,0.001305,1.000e-06,0.132603
3572,0.002194,1.000e-06,0.164243
3573,0.000847,1.000e-06,0.100768
3574,0.000569,1.000e-06,0.039505
3575,0.000786,1.000e-06,0.064169
3576,0.001276,1.000e-06,0.092365
3577,0.000558,1.000e-06,0.058577
3578,0.000967,1.000e-06,0.082613
3579,0.000552,1.000e-06,0.038675
3580,0.003265,1.000e-06,0.159894
3581,0.002679,1.000e-06,0.104392
3582,0.000721,1.000e-06,0.053969
3583,0.000693,1.000e-06,0.069645
3584,0.000437,1.000e-06,0.044913
3585,0.000678,1.000e-06,0.068600
3586,0.001635,1.000e-06,0.081103
3587,0.001414,1.000e-06,0.124166
3588,0.003561,1.000e-06,0.160690
3589,0.000465,1.000e-06,0.036255
3590,0.000875,1.000e-06,0.080639
3591,0.000867,1.000e-06,0.069460
3592,0.000623,1.000e-06,0.056464
3593,0.000659,1.000e-06,0.055023
3594,0.001711,1.000e-06,0.096909
3595,0.000577,1.000e-06,0.053119
3596,0.002094,1.000e-06,0.145280
3597,0.001958,1.000e-06,0.157430
3598,0.000853,1.000e-06,0.074879
3599,0.000509,1.000e-06,0.040858
3600,0.000679,1.000e-06,0.058311
3601,0.002894,1.000e-06,0.208018
3602,0.001838,1.000e-06,0.097292
3603,0.001563,1.000e-06,0.165134
3604,0.000465,1.000e-06,0.026747
3605,0.000537,1.000e-06,0.032943
3606,0.003573,1.000e-06,0.168786
3607,0.000563,1.000e-06,0.040522
3608,0.001973,1.000e-06,0.085787
3609,0.000488,1.000e-06,0.029853
3610,0.002971,1.000e-06,0.110914
3611,0.000632,1.000e-06,0.072453
3612,0.000858,1.000e-06,0.079682
3613,0.001756,1.000e-06,0.160201
3614,0.000829,1.000e-06,0.068790
3615,0.000685,1.000e-06,0.047879
3616,0.000937,1.000e-06,0.108570
3617,0.001162,1.000e-06,0.100560
3618,0.000563,1.000e-06,0.047717
3619,0.000551,1.000e-06,0.046212
3620,0.001153,1.000e-06,0.082897
3621,0.000435,1.000e-06,0.034105
3622,0.000444,1.000e-06,0.028892
3623,0.000539,1.000e-06,0.040910
3624,0.000707,1.000e-06,0.072709
3625,0.001194,1.000e-06,0.085710
3626,0.000562,1.000e-06,0.042833
3627,0.000553,1.000e-06,0.050143
3628,0.001911,1.000e-06,0.103758
3629,0.000959,1.000e-06,0.073496
3630,0.001567,1.000e-06,0.117726
3631,0.000676,1.000e-06,0.053261
3632,0.000526,1.000e-06,0.046847
3633,0.000490,1.000e-06,0.043753
3634,0.000605,1.000e-06,0.057159
3635,0.000480,1.000e-06,0.041111
3636,0.000436,1.000e-06,0.034345
3637,0.000707,1.000e-06,0.073034
3638,0.000685,1.000e-06,0.089985
3639,0.000335,1.000e-06,0.029161
3640,0.002979,1.000e-06,0.148076
3641,0.000723,1.000e-06,0.065837
3642,0.000419,1.000e-06,0.055735
3643,0.001936,1.000e-06,0.143534
3644,0.001275,1.000e-06,0.151180
3645,0.001122,1.000e-06,0.080345
3646,0.002006,1.000e-06,0.113142
3647,0.000715,1.000e-06,0.079203
3648,0.001747,1.000e-06,0.103831
3649,0.002397,1.000e-06,0.150548
3650,0.000584,1.000e-06,0.052671
3651,0.000457,1.000e-06,0.033311
3652,0.000718,1.000e-06,0.059500
3653,0.000801,1.000e-06,0.053340
3654,0.001156,1.000e-06,0.095483
3655,0.000582,1.000e-06,0.050663
3656,0.001951,1.000e-06,0.093732
3657,0.001037,1.000e-06,0.079250
3658,0.001075,1.000e-06,0.085797
3659,0.000818,1.000e-06,0.050126
3660,0.000449,1.000e-06,0.039286
3661,0.001075,1.000e-06,0.085179
3662,0.000467,1.000e-06,0.042364
3663,0.000455,1.000e-06,0.035893
3664,0.000612,1.000e-06,0.049035
3665,0.000724,1.000e-06,0.087082
3666,0.002081,1.000e-06,0.142168
3667,0.000617,1.000e-06,0.039526
3668,0.002768,1.000e-06,0.107645
3669,0.001321,1.000e-06,0.134286
3670,0.000432,1.000e-06,0.033032
3671,0.000821,1.000e-06,0.066338
3672,0.000698,1.000e-06,0.053825
3673,0.000845,1.000e-06,0.089986
3674,0.000588,1.000e-06,0.039466
3675,0.000898,1.000e-06,0.069841
3676,0.000898,1.000e-06,0.087989
3677,0.000514,1.000e-06,0.039585
3678,0.001201,1.000e-06,0.179582
3679,0.001461,1.000e-06,0.106515
3680,0.000379,1.000e-06,0.026735
3681,0.001210,1.000e-06,0.087681
3682,0.000557,1.000e-06,0.042993
3683,0.001684,1.000e-06,0.137342
3684,0.000493,1.000e-06,0.033194
3685,0.000656,1.000e-06,0.047843
3686,0.001065,1.000e-06,0.080758
3687,0.000555,1.000e-06,0.044677
3688,0.000813,1.000e-06,0.069752
3689,0.001595,1.000e-06,0.094735
3690,0.000911,1.000e-06,0.092189
3691,0.000517,1.000e-06,0.040819
3692,0.000729,1.000e-06,0.054218
3693,0.000959,1.000e-06,0.083221
3694,0.001942,1.000e-06,0.136635
3695,0.000669,1.000e-06,0.072037
3696,0.000744,1.000e-06,0.063994
3697,0.003381,1.000e-06,0.167918
3698,0.000521,1.000e-06,0.047534
3699,0.000517,1.000e-06,0.044981
3700,0.001386,1.000e-06,0.126246
3701,0.000664,1.000e-06,0.053858
3702,0.000302,1.000e-06,0.018969
3703,0.000562,1.000e-06,0.044879
3704,0.002054,1.000e-06,0.173594
3705,0.000694,1.000e-06,0.053556
3706,0.000657,1.000e-06,0.047952
3707,0.000460,1.000e-06,0.034775
3708,0.000574,1.000e-06,0.038916
3709,0.001264,1.000e-06,0.113739
3710,0.001369,1.000e-06,0.131643
3711,0.000797,1.000e-06,0.079513
3712,0.000556,1.000e-06,0.040189
3713,0.000621,1.000e-06,0.065956
3714,0.000726,1.000e-06,0.059343
3715,0.000610,1.000e-06,0.043300
3716,0.000696,1.000e-06,0.056329
3717,0.000750,1.000e-06,0.057774
3718,0.000614,1.000e-06,0.047054
3719,0.000735,1.000e-06,0.074194
3720,0.002871,1.000e-06,0.191682
3721,0.001699,1.000e-06,0.112050
3722,0.000898,1.000e-06,0.088600
3723,0.000597,1.000e-06,0.051257
3724,0.000547,1.000e-06,0.065506
3725,0.000756,1.000e-06,0.064556
3726,0.001084,1.000e-06,0.103301
3727,0.000972,1.000e-06,0.082970
3728,0.000643,1.000e-06,0.061154
3729,0.000478,1.000e-06,0.039639
3730,0.000829,1.000e-06,0.086300
3731,0.001157,1.000e-06,0.128341
3732,0.002446,1.000e-06,0.127579
3733,0.001553,1.000e-06,0.177881
3734,0.000595,1.000e-06,0.056202
3735,0.000786,1.000e-06,0.070037
3736,0.000925,1.000e-06,0.083572
3737,0.000479,1.000e-06,0.063168
3738,0.000779,1.000e-06,0.069584
3739,0.000523,1.000e-06,0.049428
3740,0.002164,1.000e-06,0.113713
3741,0.000661,1.000e-06,0.056366
3742,0.000596,1.000e-06,0.052577
3743,0.000781,1.000e-06,0.081185
3744,0.000592,1.000e-06,0.068746
3745,0.001920,1.000e-06,0.116818
3746,0.001580,1.000e-06,0.097332
3747,0.001539,1.000e-06,0.116694
3748,0.000728,1.000e-06,0.049768
3749,0.000437,1.000e-06,0.036934
3750,0.000435,1.000e-06,0.041028
3751,0.000851,1.000e-06,0.064303
3752,0.001798,1.000e-06,0.147831
3753,0.000641,1.000e-06,0.046669
3754,0.000524,1.000e-06,0.044103
3755,0.000538,1.000e-06,0.034115
3756,0.001002,1.000e-06,0.096002
3757,0.000911,1.000e-06,0.102291
3758,0.001861,1.000e-06,0.123242
3759,0.000677,1.000e-06,0.067883
3760,0.000603,1.000e-06,0.046511
3761,0.001049,1.000e-06,0.142627
3762,0.000765,1.000e-06,0.058628
3763,0.000687,1.000e-06,0.053777
3764,0.000739,1.000e-06,0.063944
3765,0.000769,1.000e-06,0.050570
3766,0.000518,1.000e-06,0.035085
3767,0.001768,1.000e-06,0.213738
3768,0.000763,1.000e-06,0.088064
3769,0.001092,1.000e-06,0.082538
3770,0.000766,1.000e-06,0.090023
3771,0.000450,1.000e-06,0.046204
3772,0.000524,1.000e-06,0.056711
3773,0.000403,1.000e-06,0.044774
3774,0.000870,1.000e-06,0.090568
3775,0.001412,1.000e-06,0.093470
3776,0.000483,1.000e-06,0.052157
3777,0.000477,1.000e-06,0.051821
3778,0.000569,1.000e-06,0.059975
3779,0.000709,1.000e-06,0.078315
3780,0.000522,1.000e-06,0.046691
3781,0.001033,1.000e-06,0.066219
3782,0.000496,1.000e-06,0.043108
3783,0.000460,1.000e-06,0.039956
3784,0.000992,1.000e-06,0.081437
3785,0.000544,1.000e-06,0.049325
3786,0.000431,1.000e-06,0.033794
3787,0.000341,1.000e-06,0.025509
3788,0.000611,1.000e-06,0.054648
3789,0.000910,1.000e-06,0.092480
3790,0.000374,1.000e-06,0.033625
3791,0.000490,1.000e-06,0.045602
3792,0.001151,1.000e-06,0.107897
3793,0.001733,1.000e-06,0.118320
3794,0.001863,1.000e-06,0.163522
3795,0.000451,1.000e-06,0.037416
3796,0.000489,1.000e-06,0.054192
3797,0.000604,1.000e-06,0.046634
3798,0.000644,1.000e-06,0.051073
3799,0.000519,1.000e-06,0.052096
3800,0.000597,1.000e-06,0.060159
3801,0.000673,1.000e-06,0.090510
3802,0.000408,1.000e-06,0.039113
3803,0.000484,1.000e-06,0.053330
3804,0.001350,1.000e-06,0.102683
3805,0.000590,1.000e-06,0.048702
3806,0.003112,1.000e-06,0.114310
3807,0.000497,1.000e-06,0.037885
3808,0.000627,1.000e-06,0.071335
3809,0.000465,1.000e-06,0.057648
3810,0.000885,1.000e-06,0.086751
3811,0.000655,1.000e-06,0.060615
3812,0.000369,1.000e-06,0.027931
3813,0.002122,1.000e-06,0.137183
3814,0.000744,1.000e-06,0.104300
3815,0.001570,1.000e-06,0.140782
3816,0.001862,1.000e-06,0.122574
3817,0.000888,1.000e-06,0.081199
3818,0.000598,1.000e-06,0.050946
3819,0.000536,1.000e-06,0.060151
3820,0.000475,1.000e-06,0.040177
3821,0.000669,1.000e-06,0.065330
3822,0.000777,1.000e-06,0.150651
3823,0.000390,1.000e-06,0.024980
3824,0.000616,1.000e-06,0.048334
3825,0.000903,1.000e-06,0.088982
3826,0.001106,1.000e-06,0.090873
3827,0.000521,1.000e-06,0.145036
3828,0.000637,1.000e-06,0.046872
3829,0.001510,1.000e-06,0.131814
3830,0.001263,1.000e-06,0.095717
3831,0.000749,1.000e-06,0.055367
3832,0.000706,1.000e-06,0.085874
3833,0.001399,1.000e-06,0.129382
3834,0.000674,1.000e-06,0.048522
3835,0.002886,1.000e-06,0.154945
3836,0.000640,1.000e-06,0.068933
3837,0.000920,1.000e-06,0.065215
3838,0.000457,1.000e-06,0.031113
3839,0.000981,1.000e-06,0.107928
3840,0.000610,1.000e-06,0.038031
3841,0.001569,1.000e-06,0.093000
3842,0.000658,1.000e-06,0.053369
3843,0.000535,1.000e-06,0.041079
3844,0.002766,1.000e-06,0.145139
3845,0.000376,1.000e-06,0.030327
3846,0.000511,1.000e-06,0.050459
3847,0.000683,1.000e-06,0.078274
3848,0.000686,1.000e-06,0.060620
3849,0.001049,1.000e-06,0.074006
3850,0.000549,1.000e-06,0.061374
3851,0.002400,1.000e-06,0.205236
3852,0.000668,1.000e-06,0.042417
3853,0.000376,1.000e-06,0.027479
3854,0.000829,1.000e-06,0.079368
3855,0.000831,1.000e-06,0.053810
3856,0.000958,1.000e-06,0.106651
3857,0.000437,1.000e-06,0.034858
3858,0.003710,1.000e-06,0.196206
3859,0.001320,1.000e-06,0.158505
3860,0.000768,1.000e-06,0.079057
3861,0.000829,1.000e-06,0.096464
3862,0.002062,1.000e-06,0.162902
3863,0.000947,1.000e-06,0.098332
3864,0.000643,1.000e-06,0.050503
3865,0.000730,1.000e-06,0.054297
3866,0.006314,1.000e-06,0.276596
3867,0.001031,1.000e-06,0.071612
3868,0.000781,1.000e-06,0.056581
3869,0.000860,1.000e-06,0.059475
3870,0.001022,1.000e-06,0.074263
3871,0.000935,1.000e-06,0.083111
3872,0.002131,1.000e-06,0.099737
3873,0.000768,1.000e-06,0.055034
3874,0.000553,1.000e-06,0.039232
3875,0.000710,1.000e-06,0.064790
3876,0.001242,1.000e-06,0.129716
3877,0.000853,1.000e-06,0.078100
3878,0.000520,1.000e-06,0.045500
3879,0.000539,1.000e-06,0.041436
3880,0.003162,1.000e-06,0.139128
3881,0.003524,1.000e-06,0.161400
3882,0.000511,1.000e-06,0.046175
3883,0.000554,1.000e-06,0.051250
3884,0.000499,1.000e-06,0.037574
3885,0.000603,1.000e-06,0.060191
3886,0.006428,1.000e-06,0.175678
3887,0.000667,1.000e-06,0.047652
3888,0.000866,1.000e-06,0.089225
3889,0.002721,1.000e-06,0.107379
3890,0.000636,1.000e-06,0.053628
3891,0.000416,1.000e-06,0.032814
3892,0.001317,1.000e-06,0.103881
3893,0.000449,1.000e-06,0.037070
3894,0.001126,1.000e-06,0.110346
3895,0.000637,1.000e-06,0.069564
3896,0.000454,1.000e-06,0.036822
3897,0.001534,1.000e-06,0.120344
3898,0.000641,1.000e-06,0.050198
3899,0.000412,1.000e-06,0.034620
3900,0.000634,1.000e-06,0.044277
3901,0.000595,1.000e-06,0.058329
3902,0.000526,1.000e-06,0.044828
3903,0.000834,1.000e-06,0.067843
3904,0.001617,1.000e-06,0.120886
3905,0.001877,1.000e-06,0.136923
3906,0.001387,1.000e-06,0.147789
3907,0.000880,1.000e-06,0.090342
3908,0.000472,1.000e-06,0.041632
3909,0.002487,1.000e-06,0.222452
3910,0.001658,1.000e-06,0.116441
3911,0.000802,1.000e-06,0.067716
3912,0.003437,1.000e-06,0.156419
3913,0.000623,1.000e-06,0.057074
3914,0.000684,1.000e-06,0.070744
3915,0.001731,1.000e-06,0.122500
3916,0.001644,1.000e-06,0.129942
3917,0.001004,1.000e-06,0.086314
3918,0.000549,1.000e-06,0.057337
3919,0.003474,1.000e-06,0.191017
3920,0.000925,1.000e-06,0.065739
3921,0.001038,1.000e-06,0.090688
3922,0.003898,1.000e-06,0.144750
3923,0.000462,1.000e-06,0.041393
3924,0.000422,1.000e-06,0.035777
3925,0.000783,1.000e-06,0.065756
3926,0.001111,1.000e-06,0.086989
3927,0.000734,1.000e-06,0.059910
3928,0.001348,1.000e-06,0.129821
3929,0.000568,1.000e-06,0.048953
3930,0.001988,1.000e-06,0.144847
3931,0.000662,1.000e-06,0.065593
3932,0.000877,1.000e-06,0.080490
3933,0.000489,1.000e-06,0.046901
3934,0.001000,1.000e-06,0.068713
3935,0.000456,1.000e-06,0.026358
3936,0.000489,1.000e-06,0.037789
3937,0.000443,1.000e-06,0.045897
3938,0.001199,1.000e-06,0.121519
3939,0.001329,1.000e-06,0.104393
3940,0.001870,1.000e-06,0.125632
3941,0.001561,1.000e-06,0.141957
3942,0.000390,1.000e-06,0.031395
3943,0.000933,1.000e-06,0.074702
3944,0.001162,1.000e-06,0.065257
3945,0.000442,1.000e-06,0.029796
3946,0.001259,1.000e-06,0.087530
3947,0.000610,1.000e-06,0.068182
3948,0.000672,1.000e-06,0.045158
3949,0.002132,1.000e-06,0.151686
3950,0.000454,1.000e-06,0.030097
3951,0.001097,1.000e-06,0.084354
3952,0.000713,1.000e-06,0.055885
3953,0.000625,1.000e-06,0.057798
3954,0.001092,1.000e-06,0.086581
3955,0.000452,1.000e-06,0.027494
3956,0.000666,1.000e-06,0.080571
3957,0.000583,1.000e-06,0.044005
3958,0.001314,1.000e-06,0.104749
3959,0.001187,1.000e-06,0.136951
3960,0.001171,1.000e-06,0.113435
3961,0.001056,1.000e-06,0.093920
3962,0.001190,1.000e-06,0.091515
3963,0.000782,1.000e-06,0.101710
3964,0.001251,1.000e-06,0.114748
3965,0.001279,1.000e-06,0.126891
3966,0.000494,1.000e-06,0.044319
3967,0.000472,1.000e-06,0.040468
3968,0.002396,1.000e-06,0.162971
3969,0.000359,1.000e-06,0.031199
3970,0.000700,1.000e-06,0.075403
3971,0.001413,1.000e-06,0.138007
3972,0.001180,1.000e-06,0.172669
3973,0.000986,1.000e-06,0.101184
3974,0.001224,1.000e-06,0.087694
3975,0.000618,1.000e-06,0.054005
3976,0.001158,1.000e-06,0.121366
3977,0.000502,1.000e-06,0.044024
3978,0.001355,1.000e-06,0.138857
3979,0.001540,1.000e-06,0.129943
3980,0.000873,1.000e-06,0.137600
3981,0.000720,1.000e-06,0.067244
3982,0.000965,1.000e-06,0.088761
3983,0.003213,1.000e-06,0.194371
3984,0.000593,1.000e-06,0.049171
3985,0.001482,1.000e-06,0.123505
3986,0.001757,1.000e-06,0.090623
3987,0.000477,1.000e-06,0.055772
3988,0.001601,1.000e-06,0.179609
3989,0.001765,1.000e-06,0.151804
3990,0.000876,1.000e-06,0.102344
3991,0.001116,1.000e-06,0.119143
3992,0.003099,1.000e-06,0.180611
3993,0.000403,1.000e-06,0.042750
3994,0.000530,1.000e-06,0.050007
3995,0.002208,1.000e-06,0.085093
3996,0.000753,1.000e-06,0.063472
3997,0.000559,1.000e-06,0.062870
3998,0.000563,1.000e-06,0.047079
3999,0.000827,1.000e-06,0.075977
4000,0.000399,1.000e-06,0.040621
4001,0.003326,1.000e-06,0.164837
4002,0.002822,1.000e-06,0.137445
4003,0.001099,1.000e-06,0.073459
4004,0.000400,1.000e-06,0.037435
4005,0.000451,1.000e-06,0.063298
4006,0.000563,1.000e-06,0.061345
4007,0.002625,1.000e-06,0.109736
4008,0.000568,1.000e-06,0.047558
4009,0.000529,1.000e-06,0.057291
4010,0.000864,1.000e-06,0.077892
4011,0.000748,1.000e-06,0.077935
4012,0.000637,1.000e-06,0.058620
4013,0.000458,1.000e-06,0.033028
4014,0.000920,1.000e-06,0.090821
4015,0.001140,1.000e-06,0.089469
4016,0.001175,1.000e-06,0.096915
4017,0.000737,1.000e-06,0.056622
4018,0.001476,1.000e-06,0.115543
4019,0.000533,1.000e-06,0.045446
4020,0.001802,1.000e-06,0.131908
4021,0.000611,1.000e-06,0.057852
4022,0.000499,1.000e-06,0.052361
4023,0.000484,1.000e-06,0.050064
4024,0.000942,1.000e-06,0.092408
4025,0.001341,1.000e-06,0.109435
4026,0.001578,1.000e-06,0.105747
4027,0.000646,1.000e-06,0.051259
4028,0.000344,1.000e-06,0.030506
4029,0.000974,1.000e-06,0.104890
4030,0.001352,1.000e-06,0.086356
4031,0.003199,1.000e-06,0.169242
4032,0.000783,1.000e-06,0.078599
4033,0.001144,1.000e-06,0.101616
4034,0.000367,1.000e-06,0.027381
4035,0.000599,1.000e-06,0.045154
4036,0.005634,1.000e-06,0.389314
4037,0.000713,1.000e-06,0.054030
4038,0.000793,1.000e-06,0.053257
4039,0.000653,1.000e-06,0.076134
4040,0.001250,1.000e-06,0.096646
4041,0.000550,1.000e-06,0.042958
4042,0.000392,1.000e-06,0.031721
4043,0.000954,1.000e-06,0.085541
4044,0.000330,1.000e-06,0.024825
4045,0.000611,1.000e-06,0.061759
4046,0.000527,1.000e-06,0.036531
4047,0.000861,1.000e-06,0.080320
4048,0.000543,1.000e-06,0.061168
4049,0.000575,1.000e-06,0.053537
4050,0.000384,1.000e-06,0.028081
4051,0.000380,1.000e-06,0.030528
4052,0.000662,1.000e-06,0.053157
4053,0.000474,1.000e-06,0.043296
4054,0.000670,1.000e-06,0.050949
4055,0.001622,1.000e-06,0.133996
4056,0.002260,1.000e-06,0.126209
4057,0.000744,1.000e-06,0.105142
4058,0.000527,1.000e-06,0.050472
4059,0.000698,1.000e-06,0.086336
4060,0.000732,1.000e-06,0.062162
4061,0.000505,1.000e-06,0.047186
4062,0.000574,1.000e-06,0.052355
4063,0.000499,1.000e-06,0.060941
4064,0.000698,1.000e-06,0.110335
4065,0.004408,1.000e-06,0.177831
4066,0.000701,1.000e-06,0.052628
4067,0.000470,1.000e-06,0.049136
4068,0.000997,1.000e-06,0.108182
4069,0.000471,1.000e-06,0.045145
4070,0.001541,1.000e-06,0.144033
4071,0.001381,1.000e-06,0.115614
4072,0.000684,1.000e-06,0.146443
4073,0.001074,1.000e-06,0.091953
4074,0.000555,1.000e-06,0.053304
4075,0.000563,1.000e-06,0.062271
4076,0.001014,1.000e-06,0.080349
4077,0.001586,1.000e-06,0.080364
4078,0.001634,1.000e-06,0.158150
4079,0.000652,1.000e-06,0.067904
4080,0.000498,1.000e-06,0.046955
4081,0.000461,1.000e-06,0.044577
4082,0.001004,1.000e-06,0.143522
4083,0.000434,1.000e-06,0.053978
4084,0.000546,1.000e-06,0.052074
4085,0.000484,1.000e-06,0.039310
4086,0.001202,1.000e-06,0.161153
4087,0.000308,1.000e-06,0.024997
4088,0.000557,1.000e-06,0.103133
4089,0.000831,1.000e-06,0.080447
4090,0.000733,1.000e-06,0.078364
4091,0.000470,1.000e-06,0.039894
4092,0.000654,1.000e-06,0.068045
4093,0.000543,1.000e-06,0.057294
4094,0.000654,1.000e-06,0.092086
4095,0.000554,1.000e-06,0.075727
4096,0.001521,1.000e-06,0.131438
4097,0.000774,1.000e-06,0.075557
4098,0.000514,1.000e-06,0.078889
4099,0.000616,1.000e-06,0.053425
4100,0.000648,1.000e-06,0.052490
4101,0.000752,1.000e-06,0.082207
4102,0.000676,1.000e-06,0.073249
4103,0.000413,1.000e-06,0.040495
4104,0.001185,1.000e-06,0.103920
4105,0.000821,1.000e-06,0.066019
4106,0.000435,1.000e-06,0.035665
4107,0.000419,1.000e-06,0.030567
4108,0.000770,1.000e-06,0.058494
4109,0.000805,1.000e-06,0.077320
4110,0.000358,1.000e-06,0.035772
4111,0.000648,1.000e-06,0.050188
4112,0.001698,1.000e-06,0.125038
4113,0.000476,1.000e-06,0.045697
4114,0.000747,1.000e-06,0.054853
4115,0.001829,1.000e-06,0.112125
4116,0.000562,1.000e-06,0.045452
4117,0.000513,1.000e-06,0.045614
4118,0.001641,1.000e-06,0.085659
4119,0.000340,1.000e-06,0.030531
4120,0.003136,1.000e-06,0.197856
4121,0.000438,1.000e-06,0.030440
4122,0.000568,1.000e-06,0.053017
4123,0.002545,1.000e-06,0.152636
4124,0.001487,1.000e-06,0.123828
4125,0.000366,1.000e-06,0.032739
4126,0.000790,1.000e-06,0.080171
4127,0.000636,1.000e-06,0.054182
4128,0.001530,1.000e-06,0.110232
4129,0.000468,1.000e-06,0.035263
4130,0.000764,1.000e-06,0.073524
4131,0.000876,1.000e-06,0.078319
4132,0.001598,1.000e-06,0.156889
4133,0.001290,1.000e-06,0.068395
4134,0.000537,1.000e-06,0.046926
4135,0.000699,1.000e-06,0.060908
4136,0.000288,1.000e-06,0.020570
4137,0.000654,1.000e-06,0.057737
4138,0.001027,1.000e-06,0.126140
4139,0.000477,1.000e-06,0.036239
4140,0.002660,1.000e-06,0.293756
4141,0.000927,1.000e-06,0.083245
4142,0.002314,1.000e-06,0.142227
4143,0.000736,1.000e-06,0.114697
4144,0.000850,1.000e-06,0.076051
4145,0.000945,1.000e-06,0.072065
4146,0.000893,1.000e-06,0.071705
4147,0.001429,1.000e-06,0.159933
4148,0.001033,1.000e-06,0.096427
4149,0.000641,1.000e-06,0.061127
4150,0.000609,1.000e-06,0.046963
4151,0.000624,1.000e-06,0.061940
4152,0.000701,1.000e-06,0.069467
4153,0.000555,1.000e-06,0.037275
4154,0.000522,1.000e-06,0.039000
4155,0.004203,1.000e-06,0.486880
4156,0.000793,1.000e-06,0.088974
4157,0.000545,1.000e-06,0.080052
4158,0.000818,1.000e-06,0.079716
4159,0.000502,1.000e-06,0.090406
4160,0.000419,1.000e-06,0.037770
4161,0.000552,1.000e-06,0.053988
4162,0.002340,1.000e-06,0.397598
4163,0.000702,1.000e-06,0.089002
4164,0.003314,1.000e-06,0.138885
4165,0.000599,1.000e-06,0.049259
4166,0.001104,1.000e-06,0.137872
4167,0.000979,1.000e-06,0.105868
4168,0.000391,1.000e-06,0.045807
4169,0.000462,1.000e-06,0.055137
4170,0.002645,1.000e-06,0.113914
4171,0.000566,1.000e-06,0.044436
4172,0.000539,1.000e-06,0.057359
4173,0.000481,1.000e-06,0.046186
4174,0.000465,1.000e-06,0.047701
4175,0.000379,1.000e-06,0.051771
4176,0.000457,1.000e-06,0.055403
4177,0.000797,1.000e-06,0.068769
4178,0.000631,1.000e-06,0.054931
4179,0.001581,1.000e-06,0.082029
4180,0.000625,1.000e-06,0.056832
4181,0.000582,1.000e-06,0.060765
4182,0.000570,1.000e-06,0.052582
4183,0.001829,1.000e-06,0.126702
4184,0.000570,1.000e-06,0.059123
4185,0.000466,1.000e-06,0.047527
4186,0.000386,1.000e-06,0.046518
4187,0.000754,1.000e-06,0.078935
4188,0.000631,1.000e-06,0.060846
4189,0.000502,1.000e-06,0.065889
4190,0.001276,1.000e-06,0.099609
4191,0.000602,1.000e-06,0.049847
4192,0.000343,1.000e-06,0.032185
4193,0.000721,1.000e-06,0.070141
4194,0.000977,1.000e-06,0.106102
4195,0.001006,1.000e-06,0.117347
4196,0.000478,1.000e-06,0.045853
4197,0.000498,1.000e-06,0.055529
4198,0.000820,1.000e-06,0.095050
4199,0.000895,1.000e-06,0.083442
4200,0.000682,1.000e-06,0.077998
4201,0.000496,1.000e-06,0.037437
4202,0.000410,1.000e-06,0.037539
4203,0.003236,1.000e-06,0.109828
4204,0.000444,1.000e-06,0.056036
4205,0.001937,1.000e-06,0.107441
4206,0.000818,1.000e-06,0.079856
4207,0.000587,1.000e-06,0.049049
4208,0.000875,1.000e-06,0.100773
4209,0.000577,1.000e-06,0.062544
4210,0.001081,1.000e-06,0.113034
4211,0.000509,1.000e-06,0.045637
4212,0.001176,1.000e-06,0.091372
4213,0.002417,1.000e-06,0.129199
4214,0.000551,1.000e-06,0.068261
4215,0.000987,1.000e-06,0.081610
4216,0.002494,1.000e-06,0.239587
4217,0.000465,1.000e-06,0.031375
4218,0.000489,1.000e-06,0.040500
4219,0.000545,1.000e-06,0.051014
4220,0.001378,1.000e-06,0.113077
4221,0.000739,1.000e-06,0.076228
4222,0.000555,1.000e-06,0.054975
4223,0.000508,1.000e-06,0.050786
4224,0.001387,1.000e-06,0.089324
4225,0.000516,1.000e-06,0.044308
4226,0.000471,1.000e-06,0.045819
4227,0.000735,1.000e-06,0.058742
4228,0.000463,1.000e-06,0.038942
4229,0.000328,1.000e-06,0.040598
4230,0.001092,1.000e-06,0.092734
4231,0.001718,1.000e-06,0.141560
4232,0.001209,1.000e-06,0.110407
4233,0.000493,1.000e-06,0.044192
4234,0.002559,1.000e-06,0.182105
4235,0.000404,1.000e-06,0.040554
4236,0.000424,1.000e-06,0.042642
4237,0.001242,1.000e-06,0.112748
4238,0.000355,1.000e-06,0.048035
4239,0.001175,1.000e-06,0.127674
4240,0.002619,1.000e-06,0.145742
4241,0.000560,1.000e-06,0.066683
4242,0.001611,1.000e-06,0.178904
4243,0.000428,1.000e-06,0.072711
4244,0.002013,1.000e-06,0.137471
4245,0.000660,1.000e-06,0.060335
4246,0.001720,1.000e-06,0.123560
4247,0.000581,1.000e-06,0.053810
4248,0.000876,1.000e-06,0.102104
4249,0.000600,1.000e-06,0.056355
4250,0.000529,1.000e-06,0.043503
4251,0.001023,1.000e-06,0.108056
4252,0.001087,1.000e-06,0.154968
4253,0.001027,1.000e-06,0.099978
4254,0.000630,1.000e-06,0.073718
4255,0.000544,1.000e-06,0.053879
4256,0.001993,1.000e-06,0.114173
4257,0.002238,1.000e-06,0.131806
4258,0.000493,1.000e-06,0.040201
4259,0.000527,1.000e-06,0.048229
4260,0.000711,1.000e-06,0.064998
4261,0.000605,1.000e-06,0.054979
4262,0.000490,1.000e-06,0.046218
4263,0.000680,1.000e-06,0.055324
4264,0.002095,1.000e-06,0.109319
4265,0.001438,1.000e-06,0.109540
4266,0.000761,1.000e-06,0.077386
4267,0.000694,1.000e-06,0.060075
4268,0.000696,1.000e-06,0.087785
4269,0.000539,1.000e-06,0.056614
4270,0.000765,1.000e-06,0.079304
4271,0.000314,1.000e-06,0.024893
4272,0.000472,1.000e-06,0.038753
4273,0.000472,1.000e-06,0.038986
4274,0.000789,1.000e-06,0.081939
4275,0.000393,1.000e-06,0.036752
4276,0.000593,1.000e-06,0.054189
4277,0.000918,1.000e-06,0.090197
4278,0.000362,1.000e-06,0.029409
4279,0.000616,1.000e-06,0.063557
4280,0.000668,1.000e-06,0.087586
4281,0.000607,1.000e-06,0.059352
4282,0.002159,1.000e-06,0.085987
4283,0.000449,1.000e-06,0.039007
4284,0.001033,1.000e-06,0.059759
4285,0.000706,1.000e-06,0.078009
4286,0.000682,1.000e-06,0.065796
4287,0.000334,1.000e-06,0.023616
4288,0.001107,1.000e-06,0.092055
4289,0.000682,1.000e-06,0.091962
4290,0.000377,1.000e-06,0.042397
4291,0.001458,1.000e-06,0.073876
4292,0.000796,1.000e-06,0.088469
4293,0.000349,1.000e-06,0.030172
4294,0.000471,1.000e-06,0.044459
4295,0.000417,1.000e-06,0.039456
4296,0.000502,1.000e-06,0.044715
4297,0.001779,1.000e-06,0.154602
4298,0.000678,1.000e-06,0.098938
4299,0.001544,1.000e-06,0.139620
4300,0.000597,1.000e-06,0.061572
4301,0.001872,1.000e-06,0.090256
4302,0.000849,1.000e-06,0.082468
4303,0.000853,1.000e-06,0.070923
4304,0.000718,1.000e-06,0.063211
4305,0.001117,1.000e-06,0.113028
4306,0.000448,1.000e-06,0.038891
4307,0.000793,1.000e-06,0.067615
4308,0.000669,1.000e-06,0.073652
4309,0.000301,1.000e-06,0.025089
4310,0.000580,1.000e-06,0.046509
4311,0.000428,1.000e-06,0.028514
4312,0.000342,1.000e-06,0.027086
4313,0.000491,1.000e-06,0.038629
4314,0.000700,1.000e-06,0.093039
4315,0.000740,1.000e-06,0.068414
4316,0.000497,1.000e-06,0.051485
4317,0.000252,1.000e-06,0.029243
4318,0.000585,1.000e-06,0.078555
4319,0.000328,1.000e-06,0.029586
4320,0.000584,1.000e-06,0.060483
4321,0.000958,1.000e-06,0.087341
4322,0.003211,1.000e-06,0.124781
4323,0.000860,1.000e-06,0.101246
4324,0.000636,1.000e-06,0.065664
4325,0.000702,1.000e-06,0.073911
4326,0.000370,1.000e-06,0.035233
4327,0.002111,1.000e-06,0.123604
4328,0.000358,1.000e-06,0.026528
4329,0.000436,1.000e-06,0.043324
4330,0.000370,1.000e-06,0.040353
4331,0.000322,1.000e-06,0.028374
4332,0.001176,1.000e-06,0.088580
4333,0.000675,1.000e-06,0.057250
4334,0.000339,1.000e-06,0.033414
4335,0.001502,1.000e-06,0.185599
4336,0.000696,1.000e-06,0.065706
4337,0.000721,1.000e-06,0.062970
4338,0.000443,1.000e-06,0.046670
4339,0.001244,1.000e-06,0.131422
4340,0.003200,1.000e-06,0.190648
4341,0.000476,1.000e-06,0.046731
4342,0.000370,1.000e-06,0.039225
4343,0.000660,1.000e-06,0.066692
4344,0.001608,1.000e-06,0.111721
4345,0.000458,1.000e-06,0.045779
4346,0.002748,1.000e-06,0.104873
4347,0.000397,1.000e-06,0.036371
4348,0.000344,1.000e-06,0.032599
4349,0.000929,1.000e-06,0.126096
4350,0.000528,1.000e-06,0.059107
4351,0.000646,1.000e-06,0.068569
4352,0.001018,1.000e-06,0.105483
4353,0.001066,1.000e-06,0.161541
4354,0.000409,1.000e-06,0.039217
4355,0.000812,1.000e-06,0.068597
4356,0.001123,1.000e-06,0.097005
4357,0.001715,1.000e-06,0.164111
4358,0.000292,1.000e-06,0.025415
4359,0.000916,1.000e-06,0.097288
4360,0.003509,1.000e-06,0.109113
4361,0.000777,1.000e-06,0.113464
4362,0.000574,1.000e-06,0.071142
4363,0.000939,1.000e-06,0.115512
4364,0.000757,1.000e-06,0.070692
4365,0.000424,1.000e-06,0.035685
4366,0.000590,1.000e-06,0.046165
4367,0.000699,1.000e-06,0.067220
4368,0.000719,1.000e-06,0.073416
4369,0.000934,1.000e-06,0.087959
4370,0.000463,1.000e-06,0.042948
4371,0.000588,1.000e-06,0.039771
4372,0.000327,1.000e-06,0.026608
4373,0.003509,1.000e-06,0.189328
4374,0.002299,1.000e-06,0.131180
4375,0.001551,1.000e-06,0.087227
4376,0.001503,1.000e-06,0.062675
4377,0.001504,1.000e-06,0.118796
4378,0.000530,1.000e-06,0.036479
4379,0.000374,1.000e-06,0.028587
4380,0.000632,1.000e-06,0.049405
4381,0.000745,1.000e-06,0.111076
4382,0.001060,1.000e-06,0.106740
4383,0.000816,1.000e-06,0.067979
4384,0.000400,1.000e-06,0.026685
4385,0.000608,1.000e-06,0.046104
4386,0.000422,1.000e-06,0.032776
4387,0.000890,1.000e-06,0.086083
4388,0.000531,1.000e-06,0.060764
4389,0.000517,1.000e-06,0.056836
4390,0.000518,1.000e-06,0.040660
4391,0.000726,1.000e-06,0.058959
4392,0.001349,1.000e-06,0.105581
4393,0.000708,1.000e-06,0.082373
4394,0.000409,1.000e-06,0.030220
4395,0.000405,1.000e-06,0.034436
4396,0.000341,1.000e-06,0.024037
4397,0.000781,1.000e-06,0.088495
4398,0.000753,1.000e-06,0.070847
4399,0.000833,1.000e-06,0.075412
4400,0.000483,1.000e-06,0.045011
4401,0.001634,1.000e-06,0.102964
4402,0.001274,1.000e-06,0.105897
4403,0.002089,1.000e-06,0.158136
4404,0.002185,1.000e-06,0.221639
4405,0.000708,1.000e-06,0.061090
4406,0.000401,1.000e-06,0.033465
4407,0.000443,1.000e-06,0.047261
4408,0.001299,1.000e-06,0.144521
4409,0.000893,1.000e-06,0.100338
4410,0.001208,1.000e-06,0.102518
4411,0.000388,1.000e-06,0.034271
4412,0.000727,1.000e-06,0.070660
4413,0.001863,1.000e-06,0.160917
4414,0.000518,1.000e-06,0.041552
4415,0.001373,1.000e-06,0.115345
4416,0.000720,1.000e-06,0.068854
4417,0.003621,1.000e-06,0.156476
4418,0.000516,1.000e-06,0.051259
4419,0.000724,1.000e-06,0.062974
4420,0.000521,1.000e-06,0.047066
4421,0.000406,1.000e-06,0.033682
4422,0.000421,1.000e-06,0.058967
4423,0.000711,1.000e-06,0.068574
4424,0.000409,1.000e-06,0.039818
4425,0.000438,1.000e-06,0.042159
4426,0.000515,1.000e-06,0.036909
4427,0.000486,1.000e-06,0.043723
4428,0.000622,1.000e-06,0.062782
4429,0.000322,1.000e-06,0.029447
4430,0.000953,1.000e-06,0.191959
4431,0.000627,1.000e-06,0.058484
4432,0.000566,1.000e-06,0.044913
4433,0.000577,1.000e-06,0.069893
4434,0.001053,1.000e-06,0.069105
4435,0.002738,1.000e-06,0.171642
4436,0.000413,1.000e-06,0.033528
4437,0.000804,1.000e-06,0.087735
4438,0.002034,1.000e-06,0.119247
4439,0.000445,1.000e-06,0.043644
4440,0.000674,1.000e-06,0.072007
4441,0.000574,1.000e-06,0.054674
4442,0.000996,1.000e-06,0.104525
4443,0.002330,1.000e-06,0.081917
4444,0.000574,1.000e-06,0.051154
4445,0.000486,1.000e-06,0.041050
4446,0.000541,1.000e-06,0.053316
4447,0.000371,1.000e-06,0.027724
4448,0.000313,1.000e-06,0.021896
4449,0.000655,1.000e-06,0.063136
4450,0.000633,1.000e-06,0.071080
4451,0.000673,1.000e-06,0.074685
4452,0.000566,1.000e-06,0.044418
4453,0.000393,1.000e-06,0.029955
4454,0.000358,1.000e-06,0.027627
4455,0.001844,1.000e-06,0.162366
4456,0.000694,1.000e-06,0.068277
4457,0.000690,1.000e-06,0.070739
4458,0.000512,1.000e-06,0.047296
4459,0.001102,1.000e-06,0.134766
4460,0.000544,1.000e-06,0.040897
4461,0.000426,1.000e-06,0.032285
4462,0.000639,1.000e-06,0.062774
4463,0.000860,1.000e-06,0.122303
4464,0.000533,1.000e-06,0.046526
4465,0.000506,1.000e-06,0.052132
4466,0.001193,1.000e-06,0.135736
4467,0.000396,1.000e-06,0.041419
4468,0.000841,1.000e-06,0.105860
4469,0.001841,1.000e-06,0.179852
4470,0.000707,1.000e-06,0.061114
4471,0.000625,1.000e-06,0.081796
4472,0.000654,1.000e-06,0.063545
4473,0.000818,1.000e-06,0.087022
4474,0.001831,1.000e-06,0.176177
4475,0.000613,1.000e-06,0.055090
4476,0.000574,1.000e-06,0.048558
4477,0.004174,1.000e-06,0.181975
4478,0.000737,1.000e-06,0.064217
4479,0.003892,1.000e-06,0.167805
4480,0.000470,1.000e-06,0.059844
4481,0.001525,1.000e-06,0.137730
4482,0.004718,1.000e-06,0.235314
4483,0.000616,1.000e-06,0.044958
4484,0.001811,1.000e-06,0.180314
4485,0.000571,1.000e-06,0.046086
4486,0.001014,1.000e-06,0.099692
4487,0.000776,1.000e-06,0.078727
4488,0.003143,1.000e-06,0.172517
4489,0.000538,1.000e-06,0.053338
4490,0.002132,1.000e-06,0.140582
4491,0.001090,1.000e-06,0.109643
4492,0.000652,1.000e-06,0.054341
4493,0.000397,1.000e-06,0.029890
4494,0.000495,1.000e-06,0.048576
4495,0.001395,1.000e-06,0.118256
4496,0.001346,1.000e-06,0.128009
4497,0.000484,1.000e-06,0.042590
4498,0.001177,1.000e-06,0.118375
4499,0.001151,1.000e-06,0.090271
4500,0.000369,1.000e-06,0.025385
4501,0.000562,1.000e-06,0.054180
4502,0.002145,1.000e-06,0.096112
4503,0.000531,1.000e-06,0.060520
4504,0.000507,1.000e-06,0.043692
4505,0.000331,1.000e-06,0.029242
4506,0.000703,1.000e-06,0.061803
4507,0.001868,1.000e-06,0.078643
4508,0.000897,1.000e-06,0.075606
4509,0.000839,1.000e-06,0.068167
4510,0.000958,1.000e-06,0.073995
4511,0.000375,1.000e-06,0.033618
4512,0.001758,1.000e-06,0.097289
4513,0.001599,1.000e-06,0.112955
4514,0.001177,1.000e-06,0.133090
4515,0.000564,1.000e-06,0.043519
4516,0.000733,1.000e-06,0.081973
4517,0.000782,1.000e-06,0.069357
4518,0.002150,1.000e-06,0.147839
4519,0.001465,1.000e-06,0.120259
4520,0.000867,1.000e-06,0.095969
4521,0.000406,1.000e-06,0.040454
4522,0.000447,1.000e-06,0.030567
4523,0.002171,1.000e-06,0.174412
4524,0.000410,1.000e-06,0.034143
4525,0.000696,1.000e-06,0.052755
4526,0.001376,1.000e-06,0.088140
4527,0.000786,1.000e-06,0.064033
4528,0.000661,1.000e-06,0.078850
4529,0.001015,1.000e-06,0.094631
4530,0.000769,1.000e-06,0.100744
4531,0.000595,1.000e-06,0.054676
4532,0.000330,1.000e-06,0.024900
4533,0.000652,1.000e-06,0.063379
4534,0.000349,1.000e-06,0.033517
4535,0.000566,1.000e-06,0.053368
4536,0.001890,1.000e-06,0.334425
4537,0.000483,1.000e-06,0.051595
4538,0.000760,1.000e-06,0.091291
4539,0.000852,1.000e-06,0.076217
4540,0.001204,1.000e-06,0.114481
4541,0.002966,1.000e-06,0.216547
4542,0.001502,1.000e-06,0.135079
4543,0.000871,1.000e-06,0.090663
4544,0.000453,1.000e-06,0.034372
4545,0.000366,1.000e-06,0.030376
4546,0.000653,1.000e-06,0.080605
4547,0.000841,1.000e-06,0.081587
4548,0.001462,1.000e-06,0.122449
4549,0.001711,1.000e-06,0.166239
4550,0.000559,1.000e-06,0.046214
4551,0.000839,1.000e-06,0.057478
4552,0.000430,1.000e-06,0.037863
4553,0.002644,1.000e-06,0.123852
4554,0.000714,1.000e-06,0.074528
4555,0.000363,1.000e-06,0.026664
4556,0.000502,1.000e-06,0.052865
4557,0.000593,1.000e-06,0.054123
4558,0.001054,1.000e-06,0.079579
4559,0.000862,1.000e-06,0.072001
4560,0.000381,1.000e-06,0.029870
4561,0.000891,1.000e-06,0.079967
4562,0.000328,1.000e-06,0.024206
4563,0.000729,1.000e-06,0.119824
4564,0.001004,1.000e-06,0.071187
4565,0.000529,1.000e-06,0.049623
4566,0.000832,1.000e-06,0.081200
4567,0.000540,1.000e-06,0.058277
4568,0.000792,1.000e-06,0.068031
4569,0.000998,1.000e-06,0.092993
4570,0.000411,1.000e-06,0.031607
4571,0.004343,1.000e-06,0.127976
4572,0.000421,1.000e-06,0.033136
4573,0.000875,1.000e-06,0.089283
4574,0.000599,1.000e-06,0.058099
4575,0.000385,1.000e-06,0.039657
4576,0.000476,1.000e-06,0.037639
4577,0.000847,1.000e-06,0.092673
4578,0.000382,1.000e-06,0.039594
4579,0.000428,1.000e-06,0.031703
4580,0.000463,1.000e-06,0.039947
4581,0.000454,1.000e-06,0.050196
4582,0.002025,1.000e-06,0.182684
4583,0.002251,1.000e-06,0.208847
4584,0.000289,1.000e-06,0.027091
4585,0.000454,1.000e-06,0.042697
4586,0.000401,1.000e-06,0.046449
4587,0.000851,1.000e-06,0.075661
4588,0.000597,1.000e-06,0.062611
4589,0.001032,1.000e-06,0.109778
4590,0.000390,1.000e-06,0.023988
4591,0.000441,1.000e-06,0.041568
4592,0.000471,1.000e-06,0.060074
4593,0.000571,1.000e-06,0.052421
4594,0.000417,1.000e-06,0.039077
4595,0.002255,1.000e-06,0.117865
4596,0.000988,1.000e-06,0.079815
4597,0.000560,1.000e-06,0.048718
4598,0.000525,1.000e-06,0.049569
4599,0.000635,1.000e-06,0.073891
4600,0.000713,1.000e-06,0.075038
4601,0.000263,1.000e-06,0.016329
4602,0.001192,1.000e-06,0.104810
4603,0.000494,1.000e-06,0.047217
4604,0.000453,1.000e-06,0.044772
4605,0.000861,1.000e-06,0.058080
4606,0.000746,1.000e-06,0.062041
4607,0.000956,1.000e-06,0.065287
4608,0.001018,1.000e-06,0.105968
4609,0.000645,1.000e-06,0.066800
4610,0.005930,1.000e-06,0.229691
4611,0.002537,1.000e-06,0.172627
4612,0.000663,1.000e-06,0.061991
4613,0.000407,1.000e-06,0.038691
4614,0.000851,1.000e-06,0.078279
4615,0.000804,1.000e-06,0.073111
4616,0.001193,1.000e-06,0.083984
4617,0.000380,1.000e-06,0.025544
4618,0.002554,1.000e-06,0.108886
4619,0.000672,1.000e-06,0.051028
4620,0.000419,1.000e-06,0.031192
4621,0.000421,1.000e-06,0.044316
4622,0.000338,1.000e-06,0.028121
4623,0.000549,1.000e-06,0.044301
4624,0.001631,1.000e-06,0.141075
4625,0.000523,1.000e-06,0.041620
4626,0.000809,1.000e-06,0.061219
4627,0.000621,1.000e-06,0.052485
4628,0.000358,1.000e-06,0.027731
4629,0.000400,1.000e-06,0.028556
4630,0.000363,1.000e-06,0.028681
4631,0.000321,1.000e-06,0.019251
4632,0.000416,1.000e-06,0.035762
4633,0.000503,1.000e-06,0.040766
4634,0.000513,1.000e-06,0.040765
4635,0.000392,1.000e-06,0.026639
4636,0.001051,1.000e-06,0.090068
4637,0.001452,1.000e-06,0.116195
4638,0.001075,1.000e-06,0.123821
4639,0.001027,1.000e-06,0.074995
4640,0.001468,1.000e-06,0.153753
4641,0.001733,1.000e-06,0.154053
4642,0.000352,1.000e-06,0.030579
4643,0.000420,1.000e-06,0.044900
4644,0.000383,1.000e-06,0.035274
4645,0.002705,1.000e-06,0.136801
4646,0.000541,1.000e-06,0.061454
4647,0.000696,1.000e-06,0.078366
4648,0.001718,1.000e-06,0.112351
4649,0.000413,1.000e-06,0.032606
4650,0.000351,1.000e-06,0.031733
4651,0.000422,1.000e-06,0.040528
4652,0.000361,1.000e-06,0.031862
4653,0.000611,1.000e-06,0.086801
4654,0.000414,1.000e-06,0.032609
4655,0.000427,1.000e-06,0.035498
4656,0.000546,1.000e-06,0.047760
4657,0.001090,1.000e-06,0.066840
4658,0.000547,1.000e-06,0.048070
4659,0.000638,1.000e-06,0.077240
4660,0.000417,1.000e-06,0.026232
4661,0.000433,1.000e-06,0.041396
4662,0.001011,1.000e-06,0.070206
4663,0.000931,1.000e-06,0.083289
4664,0.000715,1.000e-06,0.065807
4665,0.000546,1.000e-06,0.058311
4666,0.000363,1.000e-06,0.024792
4667,0.002287,1.000e-06,0.169932
4668,0.000452,1.000e-06,0.052407
4669,0.000523,1.000e-06,0.063691
4670,0.000629,1.000e-06,0.077900
4671,0.000564,1.000e-06,0.058402
4672,0.000678,1.000e-06,0.051408
4673,0.000423,1.000e-06,0.040768
4674,0.000548,1.000e-06,0.056361
4675,0.000343,1.000e-06,0.038226
4676,0.001156,1.000e-06,0.091439
4677,0.000914,1.000e-06,0.100048
4678,0.000494,1.000e-06,0.057643
4679,0.001990,1.000e-06,0.130659
4680,0.000657,1.000e-06,0.087959
4681,0.000705,1.000e-06,0.056827
4682,0.000315,1.000e-06,0.022304
4683,0.000386,1.000e-06,0.034232
4684,0.002142,1.000e-06,0.186582
4685,0.002597,1.000e-06,0.131742
4686,0.000573,1.000e-06,0.056425
4687,0.000632,1.000e-06,0.054432
4688,0.000816,1.000e-06,0.093206
4689,0.003573,1.000e-06,0.235944
4690,0.000315,1.000e-06,0.028968
4691,0.000704,1.000e-06,0.069080
4692,0.000664,1.000e-06,0.074048
4693,0.003109,1.000e-06,0.144382
4694,0.000395,1.000e-06,0.040422
4695,0.000727,1.000e-06,0.063255
4696,0.001667,1.000e-06,0.097649
4697,0.001326,1.000e-06,0.157658
4698,0.000552,1.000e-06,0.040981
4699,0.001492,1.000e-06,0.119027
4700,0.000457,1.000e-06,0.048453
4701,0.001196,1.000e-06,0.105288
4702,0.001081,1.000e-06,0.100977
4703,0.000830,1.000e-06,0.065843
4704,0.000818,1.000e-06,0.084521
4705,0.000413,1.000e-06,0.037548
4706,0.000376,1.000e-06,0.035484
4707,0.000612,1.000e-06,0.080278
4708,0.001431,1.000e-06,0.117086
4709,0.000714,1.000e-06,0.066748
4710,0.001153,1.000e-06,0.090852
4711,0.000776,1.000e-06,0.068088
4712,0.000688,1.000e-06,0.096375
4713,0.000922,1.000e-06,0.106227
4714,0.000872,1.000e-06,0.066744
4715,0.001378,1.000e-06,0.115581
4716,0.000417,1.000e-06,0.061991
4717,0.000619,1.000e-06,0.078549
4718,0.002228,1.000e-06,0.202664
4719,0.000411,1.000e-06,0.037314
4720,0.000388,1.000e-06,0.032644
4721,0.000453,1.000e-06,0.033375
4722,0.000447,1.000e-06,0.057627
4723,0.001299,1.000e-06,0.128018
4724,0.000713,1.000e-06,0.095465
4725,0.000654,1.000e-06,0.084518
4726,0.000522,1.000e-06,0.053319
4727,0.001131,1.000e-06,0.080408
4728,0.000823,1.000e-06,0.169658
4729,0.002096,1.000e-06,0.112340
4730,0.001602,1.000e-06,0.128802
4731,0.000449,1.000e-06,0.048738
4732,0.001843,1.000e-06,0.184236
4733,0.001382,1.000e-06,0.119867
4734,0.000724,1.000e-06,0.078615
4735,0.001679,1.000e-06,0.185962
4736,0.000464,1.000e-06,0.035143
4737,0.002229,1.000e-06,0.133834
4738,0.000646,1.000e-06,0.097013
4739,0.000790,1.000e-06,0.090872
4740,0.001200,1.000e-06,0.096835
4741,0.001006,1.000e-06,0.102603
4742,0.001290,1.000e-06,0.121692
4743,0.002347,1.000e-06,0.144881
4744,0.000443,1.000e-06,0.034596
4745,0.001914,1.000e-06,0.115929
4746,0.003328,1.000e-06,0.171603
4747,0.000756,1.000e-06,0.060971
4748,0.000663,1.000e-06,0.066406
4749,0.000510,1.000e-06,0.045010
4750,0.000509,1.000e-06,0.038704
4751,0.000404,1.000e-06,0.034471
4752,0.000527,1.000e-06,0.062530
4753,0.000451,1.000e-06,0.037075
4754,0.000838,1.000e-06,0.112615
4755,0.000502,1.000e-06,0.046119
4756,0.000375,1.000e-06,0.029522
4757,0.000360,1.000e-06,0.030571
4758,0.001900,1.000e-06,0.088902
4759,0.000404,1.000e-06,0.056568
4760,0.000717,1.000e-06,0.047968
4761,0.002288,1.000e-06,0.121790
4762,0.000915,1.000e-06,0.119024
4763,0.003654,1.000e-06,0.208189
4764,0.000784,1.000e-06,0.087953
4765,0.000343,1.000e-06,0.024129
4766,0.000453,1.000e-06,0.040984
4767,0.001794,1.000e-06,0.114072
4768,0.000580,1.000e-06,0.044055
4769,0.000614,1.000e-06,0.053442
4770,0.000459,1.000e-06,0.037786
4771,0.001930,1.000e-06,0.086783
4772,0.000609,1.000e-06,0.050692
4773,0.001216,1.000e-06,0.118521
4774,0.000351,1.000e-06,0.029518
4775,0.000621,1.000e-06,0.047053
4776,0.001261,1.000e-06,0.106179
4777,0.000413,1.000e-06,0.034717
4778,0.001861,1.000e-06,0.142242
4779,0.000407,1.000e-06,0.030469
4780,0.000473,1.000e-06,0.044145
4781,0.000488,1.000e-06,0.045188
4782,0.000304,1.000e-06,0.020546
4783,0.000464,1.000e-06,0.038012
4784,0.001369,1.000e-06,0.101470
4785,0.000330,1.000e-06,0.026574
4786,0.000465,1.000e-06,0.040350
4787,0.001373,1.000e-06,0.135743
4788,0.000716,1.000e-06,0.072806
4789,0.000410,1.000e-06,0.029664
4790,0.001297,1.000e-06,0.076166
4791,0.001309,1.000e-06,0.131123
4792,0.000680,1.000e-06,0.060429
4793,0.000379,1.000e-06,0.026784
4794,0.000733,1.000e-06,0.066770
4795,0.000411,1.000e-06,0.040473
4796,0.000343,1.000e-06,0.031040
4797,0.000935,1.000e-06,0.086863
4798,0.000461,1.000e-06,0.030251
4799,0.000849,1.000e-06,0.083178
4800,0.000419,1.000e-06,0.032737
4801,0.000418,1.000e-06,0.036213
4802,0.000335,1.000e-06,0.032009
4803,0.000854,1.000e-06,0.081671
4804,0.000448,1.000e-06,0.053024
4805,0.000926,1.000e-06,0.104656
4806,0.001775,1.000e-06,0.110896
4807,0.000849,1.000e-06,0.086607
4808,0.002913,1.000e-06,0.102973
4809,0.000851,1.000e-06,0.125036
4810,0.000457,1.000e-06,0.034688
4811,0.001004,1.000e-06,0.094078
4812,0.001243,1.000e-06,0.113920
4813,0.000696,1.000e-06,0.067342
4814,0.000995,1.000e-06,0.085145
4815,0.000805,1.000e-06,0.055868
4816,0.002890,1.000e-06,0.133958
4817,0.000292,1.000e-06,0.021927
4818,0.000366,1.000e-06,0.035228
4819,0.000417,1.000e-06,0.031336
4820,0.000944,1.000e-06,0.086003
4821,0.001215,1.000e-06,0.099700
4822,0.000582,1.000e-06,0.062273
4823,0.001608,1.000e-06,0.111267
4824,0.000738,1.000e-06,0.072073
4825,0.000372,1.000e-06,0.031668
4826,0.000394,1.000e-06,0.030667
4827,0.000713,1.000e-06,0.084021
4828,0.000582,1.000e-06,0.061469
4829,0.000669,1.000e-06,0.077269
4830,0.000750,1.000e-06,0.056067
4831,0.000976,1.000e-06,0.104798
4832,0.000795,1.000e-06,0.093806
4833,0.005113,1.000e-06,0.176032
4834,0.000806,1.000e-06,0.085362
4835,0.000392,1.000e-06,0.032952
4836,0.000868,1.000e-06,0.081672
4837,0.000426,1.000e-06,0.052625
4838,0.000542,1.000e-06,0.046829
4839,0.000354,1.000e-06,0.031764
4840,0.000694,1.000e-06,0.056954
4841,0.000611,1.000e-06,0.064043
4842,0.000448,1.000e-06,0.038995
4843,0.001425,1.000e-06,0.092587
4844,0.000570,1.000e-06,0.043099
4845,0.000745,1.000e-06,0.060507
4846,0.000502,1.000e-06,0.052535
4847,0.000363,1.000e-06,0.024175
4848,0.000362,1.000e-06,0.031385
4849,0.000319,1.000e-06,0.022050
4850,0.000388,1.000e-06,0.040946
4851,0.000558,1.000e-06,0.049377
4852,0.000387,1.000e-06,0.030179
4853,0.001055,1.000e-06,0.076238
4854,0.000367,1.000e-06,0.028508
4855,0.001778,1.000e-06,0.133639
4856,0.000421,1.000e-06,0.041302
4857,0.000772,1.000e-06,0.078282
4858,0.000423,1.000e-06,0.036757
4859,0.000367,1.000e-06,0.029300
4860,0.000428,1.000e-06,0.060930
4861,0.000385,1.000e-06,0.027809
4862,0.001131,1.000e-06,0.121791
4863,0.001040,1.000e-06,0.090897
4864,0.003032,1.000e-06,0.189360
4865,0.000857,1.000e-06,0.068578
4866,0.000979,1.000e-06,0.111334
4867,0.000510,1.000e-06,0.061524
4868,0.000505,1.000e-06,0.044788
4869,0.000467,1.000e-06,0.041123
4870,0.000943,1.000e-06,0.093111
4871,0.001157,1.000e-06,0.099625
4872,0.001857,1.000e-06,0.115440
4873,0.000714,1.000e-06,0.053160
4874,0.000485,1.000e-06,0.055189
4875,0.001003,1.000e-06,0.092699
4876,0.000736,1.000e-06,0.076353
4877,0.000463,1.000e-06,0.058051
4878,0.000348,1.000e-06,0.043698
4879,0.001904,1.000e-06,0.117545
4880,0.000601,1.000e-06,0.057876
4881,0.001715,1.000e-06,0.157579
4882,0.000345,1.000e-06,0.033679
4883,0.000364,1.000e-06,0.050690
4884,0.000402,1.000e-06,0.052145
4885,0.003059,1.000e-06,0.154176
4886,0.000810,1.000e-06,0.076377
4887,0.002187,1.000e-06,0.107978
4888,0.000653,1.000e-06,0.061485
4889,0.000961,1.000e-06,0.100253
4890,0.000834,1.000e-06,0.074358
4891,0.000660,1.000e-06,0.070340
4892,0.000748,1.000e-06,0.079609
4893,0.001524,1.000e-06,0.149596
4894,0.000348,1.000e-06,0.024830
4895,0.002770,1.000e-06,0.129871
4896,0.000967,1.000e-06,0.080543
4897,0.002242,1.000e-06,0.109550
4898,0.001390,1.000e-06,0.121325
4899,0.000402,1.000e-06,0.034666
4900,0.000512,1.000e-06,0.041419
4901,0.000614,1.000e-06,0.062284
4902,0.001135,1.000e-06,0.088908
4903,0.002299,1.000e-06,0.476852
4904,0.000987,1.000e-06,0.092271
4905,0.000394,1.000e-06,0.040630
4906,0.000840,1.000e-06,0.077008
4907,0.000753,1.000e-06,0.082137
4908,0.001976,1.000e-06,0.118321
4909,0.000589,1.000e-06,0.033629
4910,0.003755,1.000e-06,0.429727
4911,0.000735,1.000e-06,0.053161
4912,0.001352,1.000e-06,0.135102
4913,0.001041,1.000e-06,0.069472
4914,0.001678,1.000e-06,0.095928
4915,0.000397,1.000e-06,0.030021
4916,0.000332,1.000e-06,0.024729
4917,0.001309,1.000e-06,0.079603
4918,0.001896,1.000e-06,0.151873
4919,0.000989,1.000e-06,0.082754
4920,0.000917,1.000e-06,0.073096
4921,0.000993,1.000e-06,0.075478
4922,0.000467,1.000e-06,0.033218
4923,0.000768,1.000e-06,0.071911
4924,0.000495,1.000e-06,0.039186
4925,0.000643,1.000e-06,0.057475
4926,0.000839,1.000e-06,0.063723
4927,0.000325,1.000e-06,0.027424
4928,0.001612,1.000e-06,0.113525
4929,0.000655,1.000e-06,0.073028
4930,0.000666,1.000e-06,0.050792
4931,0.003349,1.000e-06,0.120921
4932,0.000530,1.000e-06,0.047055
4933,0.003187,1.000e-06,0.121846
4934,0.002278,1.000e-06,0.132056
4935,0.000467,1.000e-06,0.033632
4936,0.001577,1.000e-06,0.116420
4937,0.001019,1.000e-06,0.090723
4938,0.000368,1.000e-06,0.029238
4939,0.000832,1.000e-06,0.093116
4940,0.000779,1.000e-06,0.067772
4941,0.003385,1.000e-06,0.148548
4942,0.000415,1.000e-06,0.030226
4943,0.001540,1.000e-06,0.098101
4944,0.000426,1.000e-06,0.042991
4945,0.003014,1.000e-06,0.133707
4946,0.001514,1.000e-06,0.125316
4947,0.000351,1.000e-06,0.027765
4948,0.000343,1.000e-06,0.033691
4949,0.000386,1.000e-06,0.041540
4950,0.001427,1.000e-06,0.100108
4951,0.000434,1.000e-06,0.030885
4952,0.000421,1.000e-06,0.036954
4953,0.000302,1.000e-06,0.021888
4954,0.000636,1.000e-06,0.075653
4955,0.000419,1.000e-06,0.053098
4956,0.001259,1.000e-06,0.098385
4957,0.000574,1.000e-06,0.055647
4958,0.000511,1.000e-06,0.043961
4959,0.001904,1.000e-06,0.198506
4960,0.000440,1.000e-06,0.032030
4961,0.000614,1.000e-06,0.062748
4962,0.000779,1.000e-06,0.095579
4963,0.001101,1.000e-06,0.077244
4964,0.000328,1.000e-06,0.025107
4965,0.001320,1.000e-06,0.085539
4966,0.000417,1.000e-06,0.032050
4967,0.001123,1.000e-06,0.076323
4968,0.004232,1.000e-06,0.170551
4969,0.002168,1.000e-06,0.120633
4970,0.000462,1.000e-06,0.051285
4971,0.000809,1.000e-06,0.104201
4972,0.000421,1.000e-06,0.036955
4973,0.000624,1.000e-06,0.050687
4974,0.003034,1.000e-06,0.144109
4975,0.001283,1.000e-06,0.117438
4976,0.000427,1.000e-06,0.034299
4977,0.002581,1.000e-06,0.171878
4978,0.002611,1.000e-06,0.129575
4979,0.000447,1.000e-06,0.030356
4980,0.000785,1.000e-06,0.096566
4981,0.001707,1.000e-06,0.158500
4982,0.000487,1.000e-06,0.049466
4983,0.000540,1.000e-06,0.043962
4984,0.000493,1.000e-06,0.062101
4985,0.001090,1.000e-06,0.106807
4986,0.003041,1.000e-06,0.112814
4987,0.000510,1.000e-06,0.036331
4988,0.002072,1.000e-06,0.142684
4989,0.000682,1.000e-06,0.052008
4990,0.000818,1.000e-06,0.119383
4991,0.000391,1.000e-06,0.032908
4992,0.005019,1.000e-06,0.174693
4993,0.000416,1.000e-06,0.039604
4994,0.000838,1.000e-06,0.088411
4995,0.000491,1.000e-06,0.033852
4996,0.001016,1.000e-06,0.084385
4997,0.001261,1.000e-06,0.121026
4998,0.000614,1.000e-06,0.063166
4999,0.000527,1.000e-06,0.048400
5000,0.000663,1.000e-06,0.065819
